date,ticker,sentiment_score,prob_negative,prob_neutral,prob_positive,news_count,sentiment_3d,sentiment_7d,sentiment_14d
2026-07-31,ENERY,0.85359841545501,0.0452597020764282,0.0558821803921337,0.8988581175314382,1,0.4698746665355102,0.4698746665355102,0.4698746665355102
2026-07-31,MEKAG,0.8455601496361632,0.0354642624886728,0.083511325386491,0.8810244121248361,1,0.8455601496361632,0.8455601496361632,0.8455601496361632
2026-07-31,AHGAZ,0.8226399160478646,0.0494131681253654,0.0785337477014044,0.87205308417323,1,0.4989816308544766,0.4989816308544766,0.4989816308544766
2026-07-31,ULUFA,0.7624720870247074,0.0669037612507575,0.1037203904737775,0.829375848275465,1,0.2642218623359448,0.2642218623359448,0.2642218623359448
2026-07-31,TEZOL,0.7482481851844229,0.0564475906731735,0.1388566334692297,0.8046957758575966,1,0.7482481851844229,0.7482481851844229,0.7482481851844229
2026-07-31,KTLEV,0.6243923438881269,0.0924212259831337,0.1907652041456055,0.7168135698712607,1,0.6243923438881269,0.6243923438881269,0.6243923438881269
2026-07-31,PSDTC,0.5935475231926172,0.0774522633781742,0.2515479500510343,0.6709997865707914,1,0.3153893535399713,0.3153893535399713,0.3153893535399713
2026-07-31,KAREL,0.4412492643313214,0.0978457374129254,0.3630592608428278,0.5390950017442468,1,0.2270705726617899,0.2270705726617899,0.2270705726617899
2026-07-31,KRTEK,0.2415728682985017,0.1530313115486845,0.4523645086041292,0.3946041798471862,2,0.2889200282386113,0.2889200282386113,0.2889200282386113
