date,ticker,source,title,text,url,language,published_at
2026-05-20,AGHOL,KAP,AG ANADOLU GRUBU HOLDİNG A.Ş. - Ortaklık Aleyhine Dava Açılması veya Davaya İlişkin Gelişmeler,Ortaklık Aleyhine Dava Açılması veya Davaya İlişkin Gelişmeler Genel Kurul Toplantısında alınan bazı kararlara ilişkin dava açılması,https://www.kap.org.tr/tr/Bildirim/1609176,tr,2026-05-20T18:18:16+00:00
2026-05-20,AHGAZ,KAP,AHLATCI DOĞAL GAZ DAĞITIM ENERJİ VE YATIRIM A.Ş. - Payların Geri Alınmasına İlişkin Bildirim,Payların Geri Alınmasına İlişkin Bildirim 20.05.2026 Tarihli Pay Geri Alım İşlemleri,https://www.kap.org.tr/tr/Bildirim/1609193,tr,2026-05-20T18:30:08+00:00
2026-05-20,AKBNK,KAP,AKBANK T.A.Ş. - Pay Dışında Sermaye Piyasası Aracı İşlemlerine İlişkin Bildirim (Faiz İçeren),Pay Dışında Sermaye Piyasası Aracı İşlemlerine İlişkin Bildirim (Faiz İçeren) XS2819114732 ISIN Kodlu Sürdürülebilir Temalı Tahvilin İtfası,https://www.kap.org.tr/tr/Bildirim/1609136,tr,2026-05-20T17:47:10+00:00
2026-05-20,AKCNS,KAP,AKÇANSA ÇİMENTO SANAYİ VE TİCARET A.Ş. - Kayıtlı Sermaye Tavanı İşlemlerine İlişkin Bildirim,Kayıtlı Sermaye Tavanı İşlemlerine İlişkin Bildirim Esas Sözleşme Değişikliği Hakkında Genel Kurul Kararı,https://www.kap.org.tr/tr/Bildirim/1609229,tr,2026-05-20T19:18:58+00:00
2026-05-20,AKCNS,KAP,AKÇANSA ÇİMENTO SANAYİ VE TİCARET A.Ş. - Bağımsız Denetim Kuruluşunun Belirlenmesi,Bağımsız Denetim Kuruluşunun Belirlenmesi Denetçinin Belirlenmesi,https://www.kap.org.tr/tr/Bildirim/1609228,tr,2026-05-20T19:18:41+00:00
2026-05-20,AKCNS,KAP,AKÇANSA ÇİMENTO SANAYİ VE TİCARET A.Ş. - Kar Payı Dağıtım İşlemlerine İlişkin Bildirim,Kar Payı Dağıtım İşlemlerine İlişkin Bildirim Genel Kurul'un Kar Payı Dağıtım Kararı,https://www.kap.org.tr/tr/Bildirim/1609227,tr,2026-05-20T19:18:29+00:00
2026-05-20,AKCNS,KAP,AKÇANSA ÇİMENTO SANAYİ VE TİCARET A.Ş. - Genel Kurul İşlemlerine İlişkin Bildirim,Genel Kurul İşlemlerine İlişkin Bildirim 2025 Yılı Olağan Genel Kurul Toplantı Sonuçları,https://www.kap.org.tr/tr/Bildirim/1609199,tr,2026-05-20T18:39:44+00:00
2026-05-20,DOAS,KAP,DOĞUŞ OTOMOTİV SERVİS VE TİCARET A.Ş. - Kredi Derecelendirmesi,Kredi Derecelendirmesi Kredi Derecelendirme Notu,https://www.kap.org.tr/tr/Bildirim/1609192,tr,2026-05-20T18:30:04+00:00
2026-05-20,GENIL,KAP,GEN İLAÇ VE SAĞLIK ÜRÜNLERİ SANAYİ VE TİCARET A.Ş. - Özel Durum Açıklaması (Genel),Özel Durum Açıklaması (Genel) Devlet Malzeme Ofisi İhale Bildirimi,https://www.kap.org.tr/tr/Bildirim/1609041,tr,2026-05-20T16:40:06+00:00
2026-05-20,HALKB,KAP,TÜRKİYE HALK BANKASI A.Ş. - Özel Durum Açıklaması (Genel),Özel Durum Açıklaması (Genel) Yabancı Kaynak Temini,https://www.kap.org.tr/tr/Bildirim/1609155,tr,2026-05-20T18:06:19+00:00
2026-05-20,ISMEN,KAP,İŞ YATIRIM MENKUL DEĞERLER A.Ş. - Yatırım Kuruluşu Varant - Sertifika - Senetlerine İlişkin Bildirim,Yatırım Kuruluşu Varant - Sertifika - Senetlerine İlişkin Bildirim Yatırım Kuruluşu Varantları İlk Satış Fiyatları,https://www.kap.org.tr/tr/Bildirim/1609252,tr,2026-05-20T20:15:35+00:00
2026-05-20,ISMEN,KAP,İŞ YATIRIM MENKUL DEĞERLER A.Ş. - İzahname-Özet (SPK Tarafından Onaylanan),İzahname-Özet (SPK Tarafından Onaylanan) İş Yatırım Varant İhracı,https://www.kap.org.tr/tr/Bildirim/1609183,tr,2026-05-20T18:21:11+00:00
2026-05-20,ISMEN,KAP,İŞ YATIRIM MENKUL DEĞERLER A.Ş. - İzahname-Sermaye Piyasası Aracı Notu (SPK Tarafından Onaylanan),İzahname-Sermaye Piyasası Aracı Notu (SPK Tarafından Onaylanan) İş Yatırım Varant İhracı,https://www.kap.org.tr/tr/Bildirim/1609182,tr,2026-05-20T18:20:50+00:00
2026-05-20,ISMEN,KAP,İŞ YATIRIM MENKUL DEĞERLER A.Ş. - İzahname-Sermaye Piyasası Aracı Notu (SPK Tarafından Onaylanan),İzahname-Sermaye Piyasası Aracı Notu (SPK Tarafından Onaylanan) İş Yatırım Varant İhracı,https://www.kap.org.tr/tr/Bildirim/1609181,tr,2026-05-20T18:20:27+00:00
2026-05-20,ISMEN,KAP,İŞ YATIRIM MENKUL DEĞERLER A.Ş. - İzahname-İhraççı Bİlgi Dokümanı (SPK Tarafından Onaylanan),İzahname-İhraççı Bİlgi Dokümanı (SPK Tarafından Onaylanan) İş Yatırım Varant İhracı,https://www.kap.org.tr/tr/Bildirim/1609180,tr,2026-05-20T18:19:55+00:00
2026-05-20,ISMEN,KAP,İŞ YATIRIM MENKUL DEĞERLER A.Ş. - Yatırım Kuruluşu Varant - Sertifika - Senetlerine İlişkin Bildirim,Yatırım Kuruluşu Varant - Sertifika - Senetlerine İlişkin Bildirim İş Yatırım Sertifika ve Varant Alım Satım İşlemleri,https://www.kap.org.tr/tr/Bildirim/1608964,tr,2026-05-20T14:51:30+00:00
2026-05-20,ISMEN,KAP,İŞ YATIRIM MENKUL DEĞERLER A.Ş. - Piyasa Yapıcılığı Kapsamında Gerçekleştirilen İşlemler Bildirimi,Piyasa Yapıcılığı Kapsamında Gerçekleştirilen İşlemler Bildirimi Borsa Yatırım Fonu Piyasa Yapıcılığı İşlemleri ISGLK,https://www.kap.org.tr/tr/Bildirim/1608963,tr,2026-05-20T14:51:07+00:00
2026-05-20,KONTR,KAP,KONTROLMATİK TEKNOLOJİ ENERJİ VE MÜHENDİSLİK A.Ş. - Özel Durum Açıklaması (Genel),Özel Durum Açıklaması (Genel) Bağımsız Yönetim Kurulu Üyesi Adaylarının Uygunluğuna İlişkin SPK Başvurusu,https://www.kap.org.tr/tr/Bildirim/1608989,tr,2026-05-20T15:30:18+00:00
2026-05-20,PETKM,KAP,PETKİM PETROKİMYA HOLDİNG A.Ş. - Esas Sözleşme,Esas Sözleşme Esas Sözleşme,https://www.kap.org.tr/tr/Bildirim/1608927,tr,2026-05-20T13:31:49+00:00
2026-05-20,PETKM,KAP,PETKİM PETROKİMYA HOLDİNG A.Ş. - Bağımsız Denetim Kuruluşunun Belirlenmesi,Bağımsız Denetim Kuruluşunun Belirlenmesi Bağımsız Denetim Kuruluşu Seçiminin Tescili,https://www.kap.org.tr/tr/Bildirim/1608926,tr,2026-05-20T13:31:34+00:00
2026-05-20,PETKM,KAP,PETKİM PETROKİMYA HOLDİNG A.Ş. - Genel Kurul İşlemlerine İlişkin Bildirim,Genel Kurul İşlemlerine İlişkin Bildirim 2025 yılına ait Olağan Genel Kurul Toplantısı Kararlarının Tescili,https://www.kap.org.tr/tr/Bildirim/1608925,tr,2026-05-20T13:31:23+00:00
2026-05-20,PGSUS,KAP,PEGASUS HAVA TAŞIMACILIĞI A.Ş. - Kredi Derecelendirmesi,Kredi Derecelendirmesi Kredi Derecelendirmesi Gözden Geçirme - Fitch,https://www.kap.org.tr/tr/Bildirim/1609191,tr,2026-05-20T18:29:57+00:00
2026-05-20,TTKOM,KAP,TÜRK TELEKOMÜNİKASYON A.Ş. - Pay Dışında Sermaye Piyasası Aracı İşlemlerine İlişkin Bildirim (Faiz İçeren),Pay Dışında Sermaye Piyasası Aracı İşlemlerine İlişkin Bildirim (Faiz İçeren) XS2820499619 ISIN Kodlu Sürdürülebilir Tahvilin Kupon Ödemesi,https://www.kap.org.tr/tr/Bildirim/1609231,tr,2026-05-20T19:28:02+00:00
2026-05-20,VAKBN,KAP,TÜRKİYE VAKIFLAR BANKASI T.A.O. - Şirket Genel Bilgi Formu,Şirket Genel Bilgi Formu,https://www.kap.org.tr/tr/Bildirim/1608939,tr,2026-05-20T13:52:06+00:00
2026-05-20,YKBNK,KAP,YAPI VE KREDİ BANKASI A.Ş. - Ortaklık Aleyhine Dava Açılması veya Davaya İlişkin Gelişmeler,Ortaklık Aleyhine Dava Açılması veya Davaya İlişkin Gelişmeler Genel Kurul kararı aleyhine açılan davaya ilişkin istinaf başvurusu,https://www.kap.org.tr/tr/Bildirim/1609238,tr,2026-05-20T19:32:13+00:00
2026-05-20,YKBNK,KAP,YAPI VE KREDİ BANKASI A.Ş. - Pay Dışında Sermaye Piyasası Aracı İşlemlerine İlişkin Bildirim (Faiz İçeren),Pay Dışında Sermaye Piyasası Aracı İşlemlerine İlişkin Bildirim (Faiz İçeren) Yurtdışında ilave ana sermayeye dahil edilebilir borçlanma aracı ihracı hk.,https://www.kap.org.tr/tr/Bildirim/1609207,tr,2026-05-20T18:47:45+00:00
2026-05-20,YKBNK,KAP,YAPI VE KREDİ BANKASI A.Ş. - Pay Dışında Sermaye Piyasası Aracı İşlemlerine İlişkin Bildirim (Faiz İçeren),Pay Dışında Sermaye Piyasası Aracı İşlemlerine İlişkin Bildirim (Faiz İçeren) Yurtdışında ihraç edilen borçlanma aracının itfası,https://www.kap.org.tr/tr/Bildirim/1608914,tr,2026-05-20T12:32:06+00:00
2026-05-20,YKBNK,KAP,YAPI VE KREDİ BANKASI A.Ş. - Pay Dışında Sermaye Piyasası Aracı İşlemlerine İlişkin Bildirim (Faiz İçeren),Pay Dışında Sermaye Piyasası Aracı İşlemlerine İlişkin Bildirim (Faiz İçeren) Yurtdışında ihraç edilen borçlanma aracının itfası,https://www.kap.org.tr/tr/Bildirim/1608913,tr,2026-05-20T12:31:51+00:00
2026-05-20,YKBNK,KAP,YAPI VE KREDİ BANKASI A.Ş. - İhraç Belgesi,İhraç Belgesi Yurtdışı ipotek teminatlı menkul kıymet ihraç limitine ilişkin ihraç belgesi,https://www.kap.org.tr/tr/Bildirim/1608882,tr,2026-05-20T11:12:21+00:00
2026-05-20,YKBNK,KAP,YAPI VE KREDİ BANKASI A.Ş. - Özel Durum Açıklaması (Genel),Özel Durum Açıklaması (Genel) Yurtdışında ilave ana sermayeye dahil edilebilir borçlanma aracı ihracı hk.,https://www.kap.org.tr/tr/Bildirim/1608878,tr,2026-05-20T10:53:20+00:00
2026-05-20,ZOREN,KAP,ZORLU ENERJİ ELEKTRİK ÜRETİM A.Ş. - Kurumsal Yönetim Bilgi Formu (Güncelleme) - Yönetim Kurulu-2,Kurumsal Yönetim Bilgi Formu (Güncelleme) - Yönetim Kurulu-2 Güncelleme,https://www.kap.org.tr/tr/Bildirim/1609250,tr,2026-05-20T20:04:58+00:00
2026-05-20,ZOREN,KAP,ZORLU ENERJİ ELEKTRİK ÜRETİM A.Ş. - Kurumsal Yönetim Bilgi Formu (Güncelleme) - Yönetim Kurulu-1,Kurumsal Yönetim Bilgi Formu (Güncelleme) - Yönetim Kurulu-1 Güncelleme,https://www.kap.org.tr/tr/Bildirim/1609249,tr,2026-05-20T20:04:25+00:00
2026-05-20,ZOREN,KAP,ZORLU ENERJİ ELEKTRİK ÜRETİM A.Ş. - Şirket Genel Bilgi Formu,Şirket Genel Bilgi Formu,https://www.kap.org.tr/tr/Bildirim/1609248,tr,2026-05-20T20:04:11+00:00
2026-05-20,ZOREN,KAP,ZORLU ENERJİ ELEKTRİK ÜRETİM A.Ş. - Yönetim Kurulu Komiteleri,Yönetim Kurulu Komiteleri Yönetim Kurulu Komite Üyelerinin Belirlenmesi,https://www.kap.org.tr/tr/Bildirim/1609247,tr,2026-05-20T20:03:57+00:00
2026-05-20,ZOREN,KAP,ZORLU ENERJİ ELEKTRİK ÜRETİM A.Ş. - Özel Durum Açıklaması (Genel),Özel Durum Açıklaması (Genel) Yönetim Kurulu Görev Dağılımı,https://www.kap.org.tr/tr/Bildirim/1609246,tr,2026-05-20T20:03:42+00:00
2026-05-21,AHGAZ,KAP,AHLATCI DOĞAL GAZ DAĞITIM ENERJİ VE YATIRIM A.Ş. - Genel Kurul İşlemlerine İlişkin Bildirim,Genel Kurul İşlemlerine İlişkin Bildirim 2025 Yılı Olağan Genel Kurul Toplantısı Hk.,https://www.kap.org.tr/tr/Bildirim/1610170,tr,2026-05-21T20:06:03+00:00
2026-05-21,AHGAZ,KAP,AHLATCI DOĞAL GAZ DAĞITIM ENERJİ VE YATIRIM A.Ş. - Kar Payı Dağıtım İşlemlerine İlişkin Bildirim,Kar Payı Dağıtım İşlemlerine İlişkin Bildirim Kar Payı Dağıtım İşlemlerine İlişkin Bildirim,https://www.kap.org.tr/tr/Bildirim/1610169,tr,2026-05-21T20:05:54+00:00
2026-05-21,AHGAZ,KAP,AHLATCI DOĞAL GAZ DAĞITIM ENERJİ VE YATIRIM A.Ş. - Payların Geri Alınmasına İlişkin Bildirim,Payların Geri Alınmasına İlişkin Bildirim 21.05.2026 Tarihli Pay Geri Alım İşlemleri,https://www.kap.org.tr/tr/Bildirim/1610068,tr,2026-05-21T18:31:51+00:00
2026-05-21,AKBNK,KAP,AKBANK T.A.Ş. - Şirket Genel Bilgi Formu,Şirket Genel Bilgi Formu,https://www.kap.org.tr/tr/Bildirim/1609574,tr,2026-05-21T16:49:19+00:00
2026-05-21,AKBNK,KAP,AKBANK T.A.Ş. - Pay Dışında Sermaye Piyasası Aracı İşlemlerine İlişkin Bildirim (Faiz İçeren),Pay Dışında Sermaye Piyasası Aracı İşlemlerine İlişkin Bildirim (Faiz İçeren) Yurtdışı Piyasalara Tahvil İhracı,https://www.kap.org.tr/tr/Bildirim/1609545,tr,2026-05-21T16:26:45+00:00
2026-05-21,AKBNK,KAP,AKBANK T.A.Ş. - Pay Dışında Sermaye Piyasası Aracı İşlemlerine İlişkin Bildirim (Faiz İçeren),Pay Dışında Sermaye Piyasası Aracı İşlemlerine İlişkin Bildirim (Faiz İçeren) Yurtdışı Piyasalara Tahvil İhracı,https://www.kap.org.tr/tr/Bildirim/1609541,tr,2026-05-21T16:26:30+00:00
2026-05-21,AKSA,KAP,AKSA AKRİLİK KİMYA SANAYİİ A.Ş. - Özel Durum Açıklaması (Genel),Özel Durum Açıklaması (Genel) Yönetici Sorumluluk Sigortası,https://www.kap.org.tr/tr/Bildirim/1610188,tr,2026-05-21T21:13:11+00:00
2026-05-21,AKSA,KAP,AKSA AKRİLİK KİMYA SANAYİİ A.Ş. - Şirket Genel Bilgi Formu,Şirket Genel Bilgi Formu,https://www.kap.org.tr/tr/Bildirim/1610187,tr,2026-05-21T21:12:51+00:00
2026-05-21,ASELS,KAP,ASELSAN ELEKTRONİK SANAYİ VE TİCARET A.Ş. - Yeni İş İlişkisi,Yeni İş İlişkisi Sözleşme İmzalanması,https://www.kap.org.tr/tr/Bildirim/1609287,tr,2026-05-21T09:17:15+00:00
2026-05-21,BRISA,KAP,BRİSA BRİDGESTONE SABANCI LASTİK SANAYİ VE TİCARET A.Ş. - Özel Durum Açıklaması (Genel),Özel Durum Açıklaması (Genel) Toplu İş Sözleşmesi Görüşmeleri Sonucu,https://www.kap.org.tr/tr/Bildirim/1609573,tr,2026-05-21T16:49:19+00:00
2026-05-21,CCOLA,KAP,COCA-COLA İÇECEK A.Ş. - Pay Dışında Sermaye Piyasası Aracı İşlemlerine İlişkin Bildirim (Faiz İçeren),Pay Dışında Sermaye Piyasası Aracı İşlemlerine İlişkin Bildirim (Faiz İçeren) Borçlanma Aracı Kupon Ödemesi ve İtfası,https://www.kap.org.tr/tr/Bildirim/1609432,tr,2026-05-21T13:39:09+00:00
2026-05-21,CCOLA,KAP,COCA-COLA İÇECEK A.Ş. - Pay Dışında Sermaye Piyasası Aracı İşlemlerine İlişkin Bildirim (Faiz İçeren),Pay Dışında Sermaye Piyasası Aracı İşlemlerine İlişkin Bildirim (Faiz İçeren) TRFCOLA52613 ISIN Kodlu Tahvilin 4. Kupon Faiz Oranının Belirlenmesi,https://www.kap.org.tr/tr/Bildirim/1609269,tr,2026-05-21T07:49:41+00:00
2026-05-21,ECILC,KAP,EİS ECZACIBAŞI İLAÇ SINAİ VE FİNANSAL YATIRIMLAR SANAYİ VE TİCARET A.Ş. - Özel Durum Açıklaması (Genel),"Özel Durum Açıklaması (Genel) İnsan Hakları, Toplumsal Cinsiyet ve Fırsat Eşitliği, Çevre ve İklim Değişikliği, Çevresel, Sosyal, Kurumsal Yönetim ile İş Sağlığı ve Güvenliği Politikası'nda revize yapılması",https://www.kap.org.tr/tr/Bildirim/1610127,tr,2026-05-21T19:30:08+00:00
2026-05-21,ECZYT,KAP,ECZACIBAŞI YATIRIM HOLDİNG ORTAKLIĞI A.Ş. - Özel Durum Açıklaması (Genel),"Özel Durum Açıklaması (Genel) İnsan Hakları, Toplumsal Cinsiyet ve Fırsat Eşitliği, Çevre ve İklim Değişikliği, Çevresel, Sosyal, Kurumsal Yönetim ile İş Sağlığı ve Güvenliği Politikası?nda revize yapılması",https://www.kap.org.tr/tr/Bildirim/1610135,tr,2026-05-21T19:39:56+00:00
2026-05-21,GESAN,KAP,GİRİŞİM ELEKTRİK SANAYİ TAAHHÜT VE TİCARET A.Ş. - Genel Kurul İşlemlerine İlişkin Bildirim,Genel Kurul İşlemlerine İlişkin Bildirim 2025 Yılı Olağan Genel Kurul Toplantısı Daveti,https://www.kap.org.tr/tr/Bildirim/1610036,tr,2026-05-21T18:11:16+00:00
2026-05-21,GESAN,KAP,GİRİŞİM ELEKTRİK SANAYİ TAAHHÜT VE TİCARET A.Ş. - Kar Payı Dağıtım İşlemlerine İlişkin Bildirim,Kar Payı Dağıtım İşlemlerine İlişkin Bildirim Kar Payı Dağıtımına Yönelik Yönetim Kurulu Teklifi,https://www.kap.org.tr/tr/Bildirim/1610033,tr,2026-05-21T18:11:00+00:00
2026-05-21,GESAN,KAP,GİRİŞİM ELEKTRİK SANAYİ TAAHHÜT VE TİCARET A.Ş. - Bağımsız Denetim Kuruluşunun Belirlenmesi,Bağımsız Denetim Kuruluşunun Belirlenmesi Bağımsız Denetim Kuruluşunun Belirlenmesi,https://www.kap.org.tr/tr/Bildirim/1610030,tr,2026-05-21T18:10:43+00:00
2026-05-21,HALKB,KAP,TÜRKİYE HALK BANKASI A.Ş. - İhraç Tavanına İlişkin Bildirim,İhraç Tavanına İlişkin Bildirim Yurtiçinde Borçlanma Aracı İhraç Tavanına İlişkin SPK Onaylı Dokümanlar,https://www.kap.org.tr/tr/Bildirim/1609566,tr,2026-05-21T16:47:10+00:00
2026-05-21,HEKTS,KAP,HEKTAŞ TİCARET T.A.Ş. - Şirket Genel Bilgi Formu,Şirket Genel Bilgi Formu,https://www.kap.org.tr/tr/Bildirim/1610208,tr,2026-05-21T22:33:12+00:00
2026-05-21,HEKTS,KAP,HEKTAŞ TİCARET T.A.Ş. - Esas Sözleşme,Esas Sözleşme Esas Sözleşme Hakkında,https://www.kap.org.tr/tr/Bildirim/1610207,tr,2026-05-21T22:32:54+00:00
2026-05-21,HEKTS,KAP,HEKTAŞ TİCARET T.A.Ş. - Esas Sözleşme Tadili,Esas Sözleşme Tadili Esas Sözleşme Tadili Hakkında,https://www.kap.org.tr/tr/Bildirim/1610206,tr,2026-05-21T22:32:34+00:00
2026-05-21,HEKTS,KAP,HEKTAŞ TİCARET T.A.Ş. - Bağımsız Denetim Kuruluşunun Belirlenmesi,Bağımsız Denetim Kuruluşunun Belirlenmesi Bağımsız Denetim Kuruluşunun Belirlenmesi-Tescil,https://www.kap.org.tr/tr/Bildirim/1610205,tr,2026-05-21T22:32:13+00:00
2026-05-21,HEKTS,KAP,HEKTAŞ TİCARET T.A.Ş. - Kayıtlı Sermaye Tavanı İşlemlerine İlişkin Bildirim,Kayıtlı Sermaye Tavanı İşlemlerine İlişkin Bildirim Kayıtlı Sermaye Tavanının Tescili,https://www.kap.org.tr/tr/Bildirim/1610204,tr,2026-05-21T22:31:49+00:00
2026-05-21,HEKTS,KAP,HEKTAŞ TİCARET T.A.Ş. - Genel Kurul İşlemlerine İlişkin Bildirim,Genel Kurul İşlemlerine İlişkin Bildirim Olağan Genel Kurul Toplantı Kararlarının Tescili,https://www.kap.org.tr/tr/Bildirim/1610202,tr,2026-05-21T22:27:29+00:00
2026-05-21,HEKTS,KAP,HEKTAŞ TİCARET T.A.Ş. - Özel Durum Açıklaması (Genel),Özel Durum Açıklaması (Genel) Yönetim Kurulu Üyelerinin Görev Dağılımı,https://www.kap.org.tr/tr/Bildirim/1610201,tr,2026-05-21T22:27:02+00:00
2026-05-21,ISCTR,KAP,TÜRKİYE İŞ BANKASI A.Ş. - Pay Dışında Sermaye Piyasası Aracı İşlemlerine İlişkin Bildirim (Faiz İçeren),Pay Dışında Sermaye Piyasası Aracı İşlemlerine İlişkin Bildirim (Faiz İçeren) Yurtdışı Piyasalara Tahvil İhracı,https://www.kap.org.tr/tr/Bildirim/1610012,tr,2026-05-21T17:52:52+00:00
2026-05-21,ISCTR,KAP,TÜRKİYE İŞ BANKASI A.Ş. - Pay Dışında Sermaye Piyasası Aracı İşlemlerine İlişkin Bildirim (Faiz İçeren),Pay Dışında Sermaye Piyasası Aracı İşlemlerine İlişkin Bildirim (Faiz İçeren) Yurtdışı Piyasalara Tahvil İhracı,https://www.kap.org.tr/tr/Bildirim/1609465,tr,2026-05-21T14:47:40+00:00
2026-05-21,ISCTR,KAP,TÜRKİYE İŞ BANKASI A.Ş. - Pay Dışında Sermaye Piyasası Aracı İşlemlerine İlişkin Bildirim (Faiz İçeren),Pay Dışında Sermaye Piyasası Aracı İşlemlerine İlişkin Bildirim (Faiz İçeren) Yurtdışı Piyasalara Tahvil İhracı,https://www.kap.org.tr/tr/Bildirim/1609464,tr,2026-05-21T14:47:22+00:00
2026-05-21,ISMEN,KAP,İŞ YATIRIM MENKUL DEĞERLER A.Ş. - Yatırım Kuruluşu Varant - Sertifika - Senetlerine İlişkin Bildirim,Yatırım Kuruluşu Varant - Sertifika - Senetlerine İlişkin Bildirim Yatırım Kuruluşu Varantları Sıralarının Kapatılması,https://www.kap.org.tr/tr/Bildirim/1609450,tr,2026-05-21T14:12:09+00:00
2026-05-21,ISMEN,KAP,İŞ YATIRIM MENKUL DEĞERLER A.Ş. - Piyasa Yapıcılığı Kapsamında Gerçekleştirilen İşlemler Bildirimi,Piyasa Yapıcılığı Kapsamında Gerçekleştirilen İşlemler Bildirimi Borsa Yatırım Fonu Piyasa Yapıcılığı İşlemleri ISGLK,https://www.kap.org.tr/tr/Bildirim/1609398,tr,2026-05-21T11:55:27+00:00
2026-05-21,ISMEN,KAP,İŞ YATIRIM MENKUL DEĞERLER A.Ş. - Yatırım Kuruluşu Varant - Sertifika - Senetlerine İlişkin Bildirim,Yatırım Kuruluşu Varant - Sertifika - Senetlerine İlişkin Bildirim İş Yatırım Sertifika ve Varant Alım Satım İşlemleri,https://www.kap.org.tr/tr/Bildirim/1609397,tr,2026-05-21T11:55:06+00:00
2026-05-21,ISMEN,KAP,İŞ YATIRIM MENKUL DEĞERLER A.Ş. - İzahname (Sermaye Piyasası Aracı Notu-SPK Onayına Sunulan),İzahname (Sermaye Piyasası Aracı Notu-SPK Onayına Sunulan) Taslak Sermaye Piyasası Aracı Notu,https://www.kap.org.tr/tr/Bildirim/1609396,tr,2026-05-21T11:53:37+00:00
2026-05-21,ISMEN,KAP,İŞ YATIRIM MENKUL DEĞERLER A.Ş. - İzahname (Özet-SPK Onayına Sunulan),İzahname (Özet-SPK Onayına Sunulan) Taslak Özet,https://www.kap.org.tr/tr/Bildirim/1609395,tr,2026-05-21T11:53:04+00:00
2026-05-21,ISMEN,KAP,İŞ YATIRIM MENKUL DEĞERLER A.Ş. - İzahname (İhraççı Bilgi Dokümanı-SPK Onayına Sunulan),İzahname (İhraççı Bilgi Dokümanı-SPK Onayına Sunulan) Taslak İhracçı Bilgi Dökümanı,https://www.kap.org.tr/tr/Bildirim/1609393,tr,2026-05-21T11:51:50+00:00
2026-05-21,SASA,KAP,SASA POLYESTER SANAYİ A.Ş. - Sermaye Artırımı - Azaltımı İşlemlerine İlişkin Bildirim,Sermaye Artırımı - Azaltımı İşlemlerine İlişkin Bildirim Şarta Bağlı Sermaye Artırımının Tamamlanması ve Esas Sözleşme Değişikliğine İlişkin Yönetim Kurulu Kararı,https://www.kap.org.tr/tr/Bildirim/1610042,tr,2026-05-21T18:12:38+00:00
2026-05-21,SKBNK,KAP,ŞEKERBANK T.A.Ş. - İhraç Belgesi,İhraç Belgesi Yurt Dışı Borçlanma Aracına İlişkin SPK Onaylı İhraç Belgesi,https://www.kap.org.tr/tr/Bildirim/1610071,tr,2026-05-21T18:33:52+00:00
2026-05-21,TSKB,KAP,TÜRKİYE SINAİ KALKINMA BANKASI A.Ş. - Şirket Genel Bilgi Formu,Şirket Genel Bilgi Formu,https://www.kap.org.tr/tr/Bildirim/1610055,tr,2026-05-21T18:19:11+00:00
2026-05-21,TSKB,KAP,TÜRKİYE SINAİ KALKINMA BANKASI A.Ş. - Yönetim Kurulu Komiteleri,Yönetim Kurulu Komiteleri Komite Üyelikleri Hk.,https://www.kap.org.tr/tr/Bildirim/1610052,tr,2026-05-21T18:18:09+00:00
2026-05-21,YKBNK,KAP,YAPI VE KREDİ BANKASI A.Ş. - Özel Durum Açıklaması (Genel),Özel Durum Açıklaması (Genel) Dava süreci hk.,https://www.kap.org.tr/tr/Bildirim/1610125,tr,2026-05-21T19:29:50+00:00
2026-05-21,YKBNK,KAP,YAPI VE KREDİ BANKASI A.Ş. - Pay Dışında Sermaye Piyasası Aracı İşlemlerine İlişkin Bildirim (Faiz İçeren),Pay Dışında Sermaye Piyasası Aracı İşlemlerine İlişkin Bildirim (Faiz İçeren) Yurtdışında ilave ana sermayeye dahil edilebilir borçlanma aracı ihracı hk.,https://www.kap.org.tr/tr/Bildirim/1610078,tr,2026-05-21T18:37:53+00:00
2026-05-21,YKBNK,KAP,YAPI VE KREDİ BANKASI A.Ş. - Özel Durum Açıklaması (Genel),"Özel Durum Açıklaması (Genel) Tasfiye hesaplarında izlenmekte olan bir kısım tahsili gecikmiş alacakların satışı ARSVY, BRKVY, DNYVA, EMIRV, GLCVY, SMRVA",https://www.kap.org.tr/tr/Bildirim/1610069,tr,2026-05-21T18:32:07+00:00
2026-05-21,YKBNK,KAP,YAPI VE KREDİ BANKASI A.Ş. - Pay Dışında Sermaye Piyasası Aracı İşlemlerine İlişkin Bildirim (Faiz İçeren),Pay Dışında Sermaye Piyasası Aracı İşlemlerine İlişkin Bildirim (Faiz İçeren) Yurtdışında ihraç edilen borçlanma aracının itfası,https://www.kap.org.tr/tr/Bildirim/1609583,tr,2026-05-21T17:00:30+00:00
2026-05-21,YKBNK,KAP,YAPI VE KREDİ BANKASI A.Ş. - Pay Dışında Sermaye Piyasası Aracı İşlemlerine İlişkin Bildirim (Faiz İçeren),Pay Dışında Sermaye Piyasası Aracı İşlemlerine İlişkin Bildirim (Faiz İçeren) Yurtdışında borçlanma aracı ihracının tamamlanması,https://www.kap.org.tr/tr/Bildirim/1609555,tr,2026-05-21T16:39:32+00:00
2026-05-21,ZOREN,KAP,ZORLU ENERJİ ELEKTRİK ÜRETİM A.Ş. - Pay Dışında Sermaye Piyasası Aracı İşlemlerine İlişkin Bildirim (Faiz İçeren),Pay Dışında Sermaye Piyasası Aracı İşlemlerine İlişkin Bildirim (Faiz İçeren) TRSZORN42725 ISIN Kodlu Tahvilin 2. Kupon Dönemine İlişkin Faiz Oranı Hakkında,https://www.kap.org.tr/tr/Bildirim/1609546,tr,2026-05-21T16:26:46+00:00
2026-05-21,ZOREN,KAP,ZORLU ENERJİ ELEKTRİK ÜRETİM A.Ş. - Pay Dışında Sermaye Piyasası Aracı İşlemlerine İlişkin Bildirim (Faiz İçeren),Pay Dışında Sermaye Piyasası Aracı İşlemlerine İlişkin Bildirim (Faiz İçeren) TRSZORN32718 ISIN Kodlu Tahvilin 2. Kupon Dönemine İlişkin Faiz Oranı Hakkında,https://www.kap.org.tr/tr/Bildirim/1609543,tr,2026-05-21T16:26:38+00:00
2026-05-21,ZOREN,KAP,ZORLU ENERJİ ELEKTRİK ÜRETİM A.Ş. - Pay Dışında Sermaye Piyasası Aracı İşlemlerine İlişkin Bildirim (Faiz İçeren),Pay Dışında Sermaye Piyasası Aracı İşlemlerine İlişkin Bildirim (Faiz İçeren) TRSZORN52617 ISIN Kodlu Tahvilin 12. Kupon Dönemine İlişkin Faiz Ödemesi ve Anapara Ödemesi Hakkında,https://www.kap.org.tr/tr/Bildirim/1609480,tr,2026-05-21T15:13:55+00:00
2026-05-21,ZOREN,KAP,ZORLU ENERJİ ELEKTRİK ÜRETİM A.Ş. - Pay Dışında Sermaye Piyasası Aracı İşlemlerine İlişkin Bildirim (Faiz İçeren),Pay Dışında Sermaye Piyasası Aracı İşlemlerine İlişkin Bildirim (Faiz İçeren) TRFZORN52614 ISIN KODLU SABİT KUPON ÖDEMELİ BONONUN ANAPARA VE KUPON ÖDEMESİ HAKKINDA,https://www.kap.org.tr/tr/Bildirim/1609479,tr,2026-05-21T15:13:46+00:00
2026-05-21,ZOREN,KAP,ZORLU ENERJİ ELEKTRİK ÜRETİM A.Ş. - İlişkili Taraf İşlemleri,İlişkili Taraf İşlemleri Yaygın ve süreklilik arz eden ilişkili taraf işlemlerine ilişkin raporun sonuç bölümü,https://www.kap.org.tr/tr/Bildirim/1609437,tr,2026-05-21T13:50:28+00:00
2026-05-21,ZOREN,KAP,ZORLU ENERJİ ELEKTRİK ÜRETİM A.Ş. - Pay Dışında Sermaye Piyasası Aracı İşlemlerine İlişkin Bildirim (Faiz İçeren),Pay Dışında Sermaye Piyasası Aracı İşlemlerine İlişkin Bildirim (Faiz İçeren) NİTELİKLİ YATIRIMCILARA SATILMAK ÜZERE SABİT KUPON ÖDEMELİ FİNANSMAN BONOSUNUN İHRACI (TRFZORNK2616),https://www.kap.org.tr/tr/Bildirim/1609413,tr,2026-05-21T12:55:11+00:00
2026-05-21,ZOREN,KAP,ZORLU ENERJİ ELEKTRİK ÜRETİM A.Ş. - Pay Dışında Sermaye Piyasası Aracı İşlemlerine İlişkin Bildirim (Faiz İçeren),Pay Dışında Sermaye Piyasası Aracı İşlemlerine İlişkin Bildirim (Faiz İçeren) Nitelikli Yatırımcılara Satılmak Üzere Sabit Kuponlu Özel Sektör Tahvili İhracı (TRSZORN62715),https://www.kap.org.tr/tr/Bildirim/1609412,tr,2026-05-21T12:55:01+00:00
2026-05-22,AHGAZ,KAP,AHLATCI DOĞAL GAZ DAĞITIM ENERJİ VE YATIRIM A.Ş. - Payların Geri Alınmasına İlişkin Bildirim,Payların Geri Alınmasına İlişkin Bildirim 22.05.2026 Tarihli Pay Geri Alım İşlemleri,https://www.kap.org.tr/tr/Bildirim/1610711,tr,2026-05-22T18:30:10+00:00
2026-05-22,AKCNS,KAP,AKÇANSA ÇİMENTO SANAYİ VE TİCARET A.Ş. - Kayıtlı Sermaye Tavanı İşlemlerine İlişkin Bildirim,Kayıtlı Sermaye Tavanı İşlemlerine İlişkin Bildirim Esas Sözleşme Değişikliğinin Tescil ve İlan Edilmesi,https://www.kap.org.tr/tr/Bildirim/1610827,tr,2026-05-22T20:26:14+00:00
2026-05-22,AKCNS,KAP,AKÇANSA ÇİMENTO SANAYİ VE TİCARET A.Ş. - Bağımsız Denetim Kuruluşunun Belirlenmesi,Bağımsız Denetim Kuruluşunun Belirlenmesi Denetçi Tescil ve İlanı,https://www.kap.org.tr/tr/Bildirim/1610826,tr,2026-05-22T20:25:28+00:00
2026-05-22,AKCNS,KAP,AKÇANSA ÇİMENTO SANAYİ VE TİCARET A.Ş. - Genel Kurul İşlemlerine İlişkin Bildirim,Genel Kurul İşlemlerine İlişkin Bildirim 2025 Yılı Olağan Genel Kurul Toplantı Sonuçlarının Tescil ve İlanı,https://www.kap.org.tr/tr/Bildirim/1610825,tr,2026-05-22T20:24:42+00:00
2026-05-22,AKCNS,KAP,AKÇANSA ÇİMENTO SANAYİ VE TİCARET A.Ş. - Özel Durum Açıklaması (Genel),Özel Durum Açıklaması (Genel) Heidelberg Materials AG Tarafından Sabancı Holding'e Ait Payların Devralınması Sürecine İlişkin Rekabet Kurulu İzni,https://www.kap.org.tr/tr/Bildirim/1610798,tr,2026-05-22T19:30:22+00:00
2026-05-22,AKSEN,KAP,AKSA ENERJİ ÜRETİM A.Ş. - Kredi Derecelendirmesi,Kredi Derecelendirmesi Kredi Derecelendirme Notu Hakkında,https://www.kap.org.tr/tr/Bildirim/1610785,tr,2026-05-22T18:56:27+00:00
2026-05-22,ASELS,KAP,ASELSAN ELEKTRONİK SANAYİ VE TİCARET A.Ş. - Kredi Derecelendirmesi,Kredi Derecelendirmesi Kredi Derecelendirme,https://www.kap.org.tr/tr/Bildirim/1610499,tr,2026-05-22T16:49:48+00:00
2026-05-22,ASELS,KAP,ASELSAN ELEKTRONİK SANAYİ VE TİCARET A.Ş. - Bağımsız Denetim Kuruluşunun Belirlenmesi,Bağımsız Denetim Kuruluşunun Belirlenmesi Bağımsız Denetim Kuruluşu Seçiminin Tescili,https://www.kap.org.tr/tr/Bildirim/1610498,tr,2026-05-22T16:49:15+00:00
2026-05-22,ASELS,KAP,ASELSAN ELEKTRONİK SANAYİ VE TİCARET A.Ş. - Genel Kurul İşlemlerine İlişkin Bildirim,Genel Kurul İşlemlerine İlişkin Bildirim Olağan Genel Kurul Kararları Tescili,https://www.kap.org.tr/tr/Bildirim/1610497,tr,2026-05-22T16:48:59+00:00
2026-05-22,ASTOR,KAP,ASTOR ENERJİ A.Ş. - Özel Durum Açıklaması (Genel),Özel Durum Açıklaması (Genel) Üst Düzey Yönetici Ataması Hakkında,https://www.kap.org.tr/tr/Bildirim/1610581,tr,2026-05-22T17:39:37+00:00
2026-05-22,BIMAS,KAP,BİM BİRLEŞİK MAĞAZALAR A.Ş. - Esas Sözleşme,Esas Sözleşme Güncel Ana Sözleşme,https://www.kap.org.tr/tr/Bildirim/1610852,tr,2026-05-22T23:35:24+00:00
2026-05-22,BIMAS,KAP,BİM BİRLEŞİK MAĞAZALAR A.Ş. - Esas Sözleşme Tadili,Esas Sözleşme Tadili Güncel Esas Sözleşme,https://www.kap.org.tr/tr/Bildirim/1610851,tr,2026-05-22T23:35:01+00:00
2026-05-22,BIMAS,KAP,BİM BİRLEŞİK MAĞAZALAR A.Ş. - Sermaye Artırımı - Azaltımı İşlemlerine İlişkin Bildirim,Sermaye Artırımı - Azaltımı İşlemlerine İlişkin Bildirim Bedelsiz Sermaye Artırımına İlişkin Esas Sözleşme Değişikliğinin Tescili,https://www.kap.org.tr/tr/Bildirim/1610850,tr,2026-05-22T23:34:32+00:00
2026-05-22,BIMAS,KAP,BİM BİRLEŞİK MAĞAZALAR A.Ş. - Bağımsız Denetim Kuruluşunun Belirlenmesi,Bağımsız Denetim Kuruluşunun Belirlenmesi Bağımsız Denetim Kuruluşunun Tescili,https://www.kap.org.tr/tr/Bildirim/1610849,tr,2026-05-22T23:34:04+00:00
2026-05-22,BIMAS,KAP,BİM BİRLEŞİK MAĞAZALAR A.Ş. - Genel Kurul İşlemlerine İlişkin Bildirim,Genel Kurul İşlemlerine İlişkin Bildirim Genel Kurul Kararlarının Tescil Edilmesi,https://www.kap.org.tr/tr/Bildirim/1610848,tr,2026-05-22T23:33:35+00:00
2026-05-22,BORSK,KAP,BOR ŞEKER A.Ş. - Sürdürülebilirlik Uyum Raporu,Sürdürülebilirlik Uyum Raporu Sürdürülebilirlik Uyum Raporu,https://www.kap.org.tr/tr/Bildirim/1610692,tr,2026-05-22T18:17:36+00:00
2026-05-22,BORSK,KAP,BOR ŞEKER A.Ş. - Kurumsal Yönetim Uyum Raporu,Kurumsal Yönetim Uyum Raporu Kurumsal Yönetim Uyum Raporu,https://www.kap.org.tr/tr/Bildirim/1610687,tr,2026-05-22T18:17:07+00:00
2026-05-22,BORSK,KAP,BOR ŞEKER A.Ş. - Kurumsal Yönetim Bilgi Formu,Kurumsal Yönetim Bilgi Formu Kurumsal Yönetim Bilgi Formu,https://www.kap.org.tr/tr/Bildirim/1610684,tr,2026-05-22T18:16:36+00:00
2026-05-22,BORSK,KAP,BOR ŞEKER A.Ş. - Sorumluluk Beyanı (Konsolide Olmayan),Sorumluluk Beyanı (Konsolide Olmayan) Sorumluluk Beyanı (Konsolide Olmayan),https://www.kap.org.tr/tr/Bildirim/1610675,tr,2026-05-22T18:15:05+00:00
2026-05-22,BORSK,KAP,BOR ŞEKER A.Ş. - Faaliyet Raporu (Konsolide Olmayan),Faaliyet Raporu (Konsolide Olmayan) 01.04.2025-31.03.2026 Dönemine ait Faaliyet Raporu,https://www.kap.org.tr/tr/Bildirim/1610672,tr,2026-05-22T18:14:26+00:00
2026-05-22,BORSK,KAP,BOR ŞEKER A.Ş. - Finansal Rapor,Finansal Rapor,https://www.kap.org.tr/tr/Bildirim/1610671,tr,2026-05-22T18:14:12+00:00
2026-05-22,BRISA,KAP,BRİSA BRİDGESTONE SABANCI LASTİK SANAYİ VE TİCARET A.Ş. - Kredi Derecelendirmesi,Kredi Derecelendirmesi Kredi Derecelendirme Notu,https://www.kap.org.tr/tr/Bildirim/1610781,tr,2026-05-22T18:52:42+00:00
2026-05-22,BRISA,KAP,BRİSA BRİDGESTONE SABANCI LASTİK SANAYİ VE TİCARET A.Ş. - Pay Dışında Sermaye Piyasası Aracı İşlemlerine İlişkin Bildirim (Faiz İçeren),Pay Dışında Sermaye Piyasası Aracı İşlemlerine İlişkin Bildirim (Faiz İçeren) TRSBRSA52616 ISIN Kodlu Tahvilin 8. Kupon Faiz Oranının Belirlenmesi,https://www.kap.org.tr/tr/Bildirim/1610493,tr,2026-05-22T16:47:39+00:00
2026-05-22,CCOLA,KAP,COCA-COLA İÇECEK A.Ş. - Genel Kurul İşlemlerine İlişkin Bildirim,Genel Kurul İşlemlerine İlişkin Bildirim 2025 Yılı Olağan Genel Kurul Sonuçlarının Tescili,https://www.kap.org.tr/tr/Bildirim/1610236,tr,2026-05-22T09:23:02+00:00
2026-05-22,CCOLA,KAP,COCA-COLA İÇECEK A.Ş. - Kredi Derecelendirmesi,Kredi Derecelendirmesi Fitch Ratings CCI?ın BBB Olan Notunu Teyit Etti,https://www.kap.org.tr/tr/Bildirim/1610221,tr,2026-05-22T08:52:45+00:00
2026-05-22,EREGL,KAP,EREĞLİ DEMİR VE ÇELİK FABRİKALARI T.A.Ş. - Kurumsal Yönetim İlkelerine Uyum Derecelendirmesi,Kurumsal Yönetim İlkelerine Uyum Derecelendirmesi Kurumsal Yönetim İlkelerine Uyum Derecelendirme Sözleşmesi'nin Yenilenmesi,https://www.kap.org.tr/tr/Bildirim/1610422,tr,2026-05-22T15:30:29+00:00
2026-05-22,FROTO,KAP,FORD OTOMOTİV SANAYİ A.Ş. - Özel Durum Açıklaması (Genel),"Özel Durum Açıklaması (Genel) Koç Finansman A.Ş Paylarının Satın Alımına İlişkin Rekabet Kurulu Onayı ARCLK, KCHOL, KOCFN",https://www.kap.org.tr/tr/Bildirim/1610749,tr,2026-05-22T18:40:00+00:00
2026-05-22,GARAN,KAP,TÜRKİYE GARANTİ BANKASI A.Ş. - Yatırım Kuruluşu Varant - Sertifika - Senetlerine İlişkin Bildirim,Yatırım Kuruluşu Varant - Sertifika - Senetlerine İlişkin Bildirim Yatırım Kuruluşu Varantları İtfa Fiyatları,https://www.kap.org.tr/tr/Bildirim/1610791,tr,2026-05-22T19:06:52+00:00
2026-05-22,HALKB,KAP,TÜRKİYE HALK BANKASI A.Ş. - İhraç Belgesi,İhraç Belgesi Sermaye Benzeri Borçlanma Aracı İhracına İlişkin İhraç Belgesi,https://www.kap.org.tr/tr/Bildirim/1610264,tr,2026-05-22T10:13:45+00:00
2026-05-22,ISMEN,KAP,İŞ YATIRIM MENKUL DEĞERLER A.Ş. - Yatırım Kuruluşu Varant - Sertifika - Senetlerine İlişkin Bildirim,Yatırım Kuruluşu Varant - Sertifika - Senetlerine İlişkin Bildirim İş Yatırım Aracı Kuruluş Varantlarının İtfa Bildirimi,https://www.kap.org.tr/tr/Bildirim/1610771,tr,2026-05-22T18:49:56+00:00
2026-05-22,ISMEN,KAP,İŞ YATIRIM MENKUL DEĞERLER A.Ş. - İhraç Tavanına İlişkin Bildirim,İhraç Tavanına İlişkin Bildirim Borçlanma Aracı İhracı İçin Sermaye Piyasası Kurulu Başvurusu,https://www.kap.org.tr/tr/Bildirim/1610469,tr,2026-05-22T16:24:04+00:00
2026-05-22,ISMEN,KAP,İŞ YATIRIM MENKUL DEĞERLER A.Ş. - Yatırım Kuruluşu Varant - Sertifika - Senetlerine İlişkin Bildirim,Yatırım Kuruluşu Varant - Sertifika - Senetlerine İlişkin Bildirim İş Yatırım Sertifika ve Varant Alım Satım İşlemleri,https://www.kap.org.tr/tr/Bildirim/1610289,tr,2026-05-22T11:01:29+00:00
2026-05-22,ISMEN,KAP,İŞ YATIRIM MENKUL DEĞERLER A.Ş. - Piyasa Yapıcılığı Kapsamında Gerçekleştirilen İşlemler Bildirimi,Piyasa Yapıcılığı Kapsamında Gerçekleştirilen İşlemler Bildirimi Borsa Yatırım Fonu Piyasa Yapıcılığı İşlemleri ISGLK,https://www.kap.org.tr/tr/Bildirim/1610287,tr,2026-05-22T11:00:57+00:00
2026-05-22,KRDMD,KAP,KARDEMİR KARABÜK DEMİR ÇELİK SANAYİ VE TİCARET A.Ş. - Kredi Derecelendirmesi,Kredi Derecelendirmesi Kredi Derecelendirme Notu Hk.,https://www.kap.org.tr/tr/Bildirim/1610564,tr,2026-05-22T17:27:17+00:00
2026-05-22,SAHOL,KAP,HACI ÖMER SABANCI HOLDİNG A.Ş. - Özel Durum Açıklaması (Genel),Özel Durum Açıklaması (Genel) Akçansa Paylarının Devrine Rekabet Kurumu Tarafından İzin Verilmesi AKCNS,https://www.kap.org.tr/tr/Bildirim/1610797,tr,2026-05-22T19:30:11+00:00
2026-05-22,SISE,KAP,TÜRKİYE ŞİŞE VE CAM FABRİKALARI A.Ş. - Özel Durum Açıklaması (Genel),Özel Durum Açıklaması (Genel) ABD Stockton Liman Projesinin Sonlandırılması,https://www.kap.org.tr/tr/Bildirim/1610722,tr,2026-05-22T18:32:55+00:00
2026-05-22,SISE,KAP,TÜRKİYE ŞİŞE VE CAM FABRİKALARI A.Ş. - Sürdürülebilirlik Raporu,Sürdürülebilirlik Raporu TSRS Uyumlu 2025 Sürdürülebilirlik Raporu,https://www.kap.org.tr/tr/Bildirim/1610703,tr,2026-05-22T18:23:04+00:00
2026-05-22,TSKB,KAP,TÜRKİYE SINAİ KALKINMA BANKASI A.Ş. - Kurumsal Yönetim Bilgi Formu (Güncelleme) - Yönetim Kurulu-2,Kurumsal Yönetim Bilgi Formu (Güncelleme) - Yönetim Kurulu-2 Kurumsal Yönetim Bilgi Formu (Güncelleme) - Yönetim Kurulu-2,https://www.kap.org.tr/tr/Bildirim/1610215,tr,2026-05-22T00:31:31+00:00
2026-05-22,TTKOM,KAP,TÜRK TELEKOMÜNİKASYON A.Ş. - Özel Durum Açıklaması (Genel),Özel Durum Açıklaması (Genel) Toplu İş Sözleşmesi Görüşmelerinin Anlaşmayla Sonuçlanması,https://www.kap.org.tr/tr/Bildirim/1610679,tr,2026-05-22T18:15:46+00:00
2026-05-22,TTRAK,KAP,TÜRK TRAKTÖR VE ZİRAAT MAKİNELERİ A.Ş. - Kurumsal Yönetim İlkelerine Uyum Derecelendirmesi,Kurumsal Yönetim İlkelerine Uyum Derecelendirmesi Kurumsal Yönetim Derecelendirme Sözleşmesinin Yenilenmesi,https://www.kap.org.tr/tr/Bildirim/1610410,tr,2026-05-22T15:09:00+00:00
2026-05-22,VAKBN,KAP,TÜRKİYE VAKIFLAR BANKASI T.A.O. - İzahname (Özet-SPK Onayına Sunulan),İzahname (Özet-SPK Onayına Sunulan) İzahname (Özet-SPK Onayına Sunulan),https://www.kap.org.tr/tr/Bildirim/1610404,tr,2026-05-22T15:02:50+00:00
2026-05-22,VAKBN,KAP,TÜRKİYE VAKIFLAR BANKASI T.A.O. - İzahname (Sermaye Piyasası Aracı Notu-SPK Onayına Sunulan),İzahname (Sermaye Piyasası Aracı Notu-SPK Onayına Sunulan) İzahname Sermaye Piyasası Aracı Notu,https://www.kap.org.tr/tr/Bildirim/1610403,tr,2026-05-22T15:02:25+00:00
2026-05-22,VAKBN,KAP,TÜRKİYE VAKIFLAR BANKASI T.A.O. - İzahname (İhraççı Bilgi Dokümanı-SPK Onayına Sunulan),İzahname (İhraççı Bilgi Dokümanı-SPK Onayına Sunulan) İzahname (İhraççı Bilgi Dokümanı-SPK Onayına Sunulan),https://www.kap.org.tr/tr/Bildirim/1610401,tr,2026-05-22T15:01:20+00:00
2026-05-22,VAKBN,KAP,TÜRKİYE VAKIFLAR BANKASI T.A.O. - İhraç Tavanına İlişkin Bildirim,İhraç Tavanına İlişkin Bildirim Borçlanma Aracı İhracı SPK ve Borsa İstanbul Başvurusu,https://www.kap.org.tr/tr/Bildirim/1610397,tr,2026-05-22T14:58:21+00:00
2026-05-22,VESTL,KAP,VESTEL ELEKTRONİK SANAYİ VE TİCARET A.Ş. - Şirket Genel Bilgi Formu,Şirket Genel Bilgi Formu,https://www.kap.org.tr/tr/Bildirim/1610568,tr,2026-05-22T17:28:23+00:00
2026-05-22,VESTL,KAP,VESTEL ELEKTRONİK SANAYİ VE TİCARET A.Ş. - Yönetim Kurulu Komiteleri,Yönetim Kurulu Komiteleri Yönetim Kurulu Komite Üyelerinin Belirlenmesi,https://www.kap.org.tr/tr/Bildirim/1610566,tr,2026-05-22T17:28:01+00:00
2026-05-22,VESTL,KAP,VESTEL ELEKTRONİK SANAYİ VE TİCARET A.Ş. - Bağımsız Denetim Kuruluşunun Belirlenmesi,Bağımsız Denetim Kuruluşunun Belirlenmesi Bağımsız Denetim Kuruluşu Tescil ve TTSG?de İlanı,https://www.kap.org.tr/tr/Bildirim/1610565,tr,2026-05-22T17:27:35+00:00
2026-05-22,VESTL,KAP,VESTEL ELEKTRONİK SANAYİ VE TİCARET A.Ş. - Genel Kurul İşlemlerine İlişkin Bildirim,Genel Kurul İşlemlerine İlişkin Bildirim 2025 Yılı Olağan Genel Kurul Toplantısı Kararlarının Tescili,https://www.kap.org.tr/tr/Bildirim/1610563,tr,2026-05-22T17:27:10+00:00
2026-05-22,VESTL,KAP,VESTEL ELEKTRONİK SANAYİ VE TİCARET A.Ş. - Pay Dışında Sermaye Piyasası Aracı İşlemlerine İlişkin Bildirim (Faiz İçeren),Pay Dışında Sermaye Piyasası Aracı İşlemlerine İlişkin Bildirim (Faiz İçeren) TRSVSTLA2613 ISIN Kodlu Tahvilin 2. Kupon Dönemine İlişkin Faiz Ödemesi ve 3. Kupon Dönemine İlişkin Faiz Oranı Hakkında,https://www.kap.org.tr/tr/Bildirim/1610293,tr,2026-05-22T11:06:51+00:00
2026-05-22,YKBNK,KAP,YAPI VE KREDİ BANKASI A.Ş. - Şirket Genel Bilgi Formu,Şirket Genel Bilgi Formu,https://www.kap.org.tr/tr/Bildirim/1610554,tr,2026-05-22T17:14:56+00:00
2026-05-22,YKBNK,KAP,YAPI VE KREDİ BANKASI A.Ş. - Pay Dışında Sermaye Piyasası Aracı İşlemlerine İlişkin Bildirim (Faiz İçeren),Pay Dışında Sermaye Piyasası Aracı İşlemlerine İlişkin Bildirim (Faiz İçeren) Yurtdışında borçlanma aracı ihracının tamamlanması,https://www.kap.org.tr/tr/Bildirim/1610553,tr,2026-05-22T17:14:47+00:00
2026-05-22,YKBNK,KAP,YAPI VE KREDİ BANKASI A.Ş. - Pay Dışında Sermaye Piyasası Aracı İşlemlerine İlişkin Bildirim (Faiz İçeren),Pay Dışında Sermaye Piyasası Aracı İşlemlerine İlişkin Bildirim (Faiz İçeren) Yurtdışında borçlanma aracı ihracının tamamlanması,https://www.kap.org.tr/tr/Bildirim/1610552,tr,2026-05-22T17:14:33+00:00
2026-05-22,YKBNK,KAP,YAPI VE KREDİ BANKASI A.Ş. - Pay Dışında Sermaye Piyasası Aracı İşlemlerine İlişkin Bildirim (Faiz İçeren),Pay Dışında Sermaye Piyasası Aracı İşlemlerine İlişkin Bildirim (Faiz İçeren) Yurtdışında borçlanma aracı ihracının tamamlanması,https://www.kap.org.tr/tr/Bildirim/1610550,tr,2026-05-22T17:14:15+00:00
2026-05-22,YKBNK,KAP,YAPI VE KREDİ BANKASI A.Ş. - Pay Dışında Sermaye Piyasası Aracı İşlemlerine İlişkin Bildirim (Faiz İçeren),Pay Dışında Sermaye Piyasası Aracı İşlemlerine İlişkin Bildirim (Faiz İçeren) Yurtdışında borçlanma aracı ihracının tamamlanması,https://www.kap.org.tr/tr/Bildirim/1610549,tr,2026-05-22T17:13:53+00:00
2026-05-22,YKBNK,KAP,YAPI VE KREDİ BANKASI A.Ş. - Pay Dışında Sermaye Piyasası Aracı İşlemlerine İlişkin Bildirim (Faiz İçeren),Pay Dışında Sermaye Piyasası Aracı İşlemlerine İlişkin Bildirim (Faiz İçeren) Yurtdışında ihraç edilen borçlanma aracının itfası,https://www.kap.org.tr/tr/Bildirim/1610484,tr,2026-05-22T16:35:28+00:00
2026-05-22,YKBNK,KAP,YAPI VE KREDİ BANKASI A.Ş. - Pay Dışında Sermaye Piyasası Aracı İşlemlerine İlişkin Bildirim (Faiz İçeren),Pay Dışında Sermaye Piyasası Aracı İşlemlerine İlişkin Bildirim (Faiz İçeren) Yurtdışında ihraç edilen borçlanma aracının itfası,https://www.kap.org.tr/tr/Bildirim/1610483,tr,2026-05-22T16:34:50+00:00
2026-05-22,ZOREN,KAP,ZORLU ENERJİ ELEKTRİK ÜRETİM A.Ş. - Özel Durum Açıklaması (Genel),Özel Durum Açıklaması (Genel) Electrip Global Limited Sermaye Artırımına Katılmama Hakkında,https://www.kap.org.tr/tr/Bildirim/1610748,tr,2026-05-22T18:39:56+00:00
2026-05-22,ZOREN,KAP,ZORLU ENERJİ ELEKTRİK ÜRETİM A.Ş. - Bağımsız Denetim Kuruluşunun Belirlenmesi,Bağımsız Denetim Kuruluşunun Belirlenmesi Bağımsız Denetim Kuruluşu Tescil ve TTSG'de İlanı,https://www.kap.org.tr/tr/Bildirim/1610593,tr,2026-05-22T17:48:23+00:00
2026-05-22,ZOREN,KAP,ZORLU ENERJİ ELEKTRİK ÜRETİM A.Ş. - Genel Kurul İşlemlerine İlişkin Bildirim,Genel Kurul İşlemlerine İlişkin Bildirim 2025 Yılı Olağan Genel Kurul Toplantısının Tescili,https://www.kap.org.tr/tr/Bildirim/1610580,tr,2026-05-22T17:39:32+00:00
2026-05-22,ZOREN,KAP,ZORLU ENERJİ ELEKTRİK ÜRETİM A.Ş. - Pay Dışında Sermaye Piyasası Aracı İşlemlerine İlişkin Bildirim (Faiz İçeren),Pay Dışında Sermaye Piyasası Aracı İşlemlerine İlişkin Bildirim (Faiz İçeren) TRSZORN42725 ISIN Kodlu Tahvilin 1. Kupon Dönemine İlişkin Faiz Ödemesi,https://www.kap.org.tr/tr/Bildirim/1610329,tr,2026-05-22T12:13:49+00:00
2026-05-22,ZOREN,KAP,ZORLU ENERJİ ELEKTRİK ÜRETİM A.Ş. - Pay Dışında Sermaye Piyasası Aracı İşlemlerine İlişkin Bildirim (Faiz İçeren),Pay Dışında Sermaye Piyasası Aracı İşlemlerine İlişkin Bildirim (Faiz İçeren) TRSZORN32718 ISIN Kodlu Tahvilin 1. Kupon Dönemine İlişkin Faiz Ödemesi,https://www.kap.org.tr/tr/Bildirim/1610328,tr,2026-05-22T12:13:38+00:00
2026-05-25,AHGAZ,KAP,AHLATCI DOĞAL GAZ DAĞITIM ENERJİ VE YATIRIM A.Ş. - Payların Geri Alınmasına İlişkin Bildirim,Payların Geri Alınmasına İlişkin Bildirim 25.05.2026 Tarihli Pay Geri Alım İşlemleri,https://www.kap.org.tr/tr/Bildirim/1611103,tr,2026-05-25T18:30:06+00:00
2026-05-25,ALBRK,KAP,ALBARAKA TÜRK KATILIM BANKASI A.Ş. - Özel Durum Açıklaması (Genel),Özel Durum Açıklaması (Genel) Genel Müdür Yardımcısı Atamaları,https://www.kap.org.tr/tr/Bildirim/1611106,tr,2026-05-25T18:36:27+00:00
2026-05-25,BORSK,KAP,BOR ŞEKER A.Ş. - Katılım Finansı İlkeleri Bilgi Formu,Katılım Finansı İlkeleri Bilgi Formu,https://www.kap.org.tr/tr/Bildirim/1611113,tr,2026-05-25T18:50:37+00:00
2026-05-25,BORSK,KAP,BOR ŞEKER A.Ş. - Bağımsız Denetim Kuruluşunun Belirlenmesi,Bağımsız Denetim Kuruluşunun Belirlenmesi Genel Kurula Denetçi Önerisi,https://www.kap.org.tr/tr/Bildirim/1611112,tr,2026-05-25T18:49:38+00:00
2026-05-25,BORSK,KAP,BOR ŞEKER A.Ş. - Genel Kurul İşlemlerine İlişkin Bildirim,Genel Kurul İşlemlerine İlişkin Bildirim Olağan Genel Kurul Daveti ve Bilgilendirme Dokümanı,https://www.kap.org.tr/tr/Bildirim/1611111,tr,2026-05-25T18:48:43+00:00
2026-05-25,BRISA,KAP,BRİSA BRİDGESTONE SABANCI LASTİK SANAYİ VE TİCARET A.Ş. - Pay Dışında Sermaye Piyasası Aracı İşlemlerine İlişkin Bildirim (Faiz İçeren),Pay Dışında Sermaye Piyasası Aracı İşlemlerine İlişkin Bildirim (Faiz İçeren) TRSBRSA52616 ISIN Kodlu Tahvilin 8. Kupon Faiz ve Anapara İtfa Ödemesi,https://www.kap.org.tr/tr/Bildirim/1610988,tr,2026-05-25T13:50:15+00:00
2026-05-25,CIMSA,KAP,ÇİMSA ÇİMENTO SANAYİ VE TİCARET A.Ş. - Özel Durum Açıklaması (Genel),Özel Durum Açıklaması (Genel) Mannok DAC'nin azınlık paylarının devralınması,https://www.kap.org.tr/tr/Bildirim/1610875,tr,2026-05-25T07:22:30+00:00
2026-05-25,ECILC,KAP,EİS ECZACIBAŞI İLAÇ SINAİ VE FİNANSAL YATIRIMLAR SANAYİ VE TİCARET A.Ş. - Özel Durum Açıklaması (Genel),Özel Durum Açıklaması (Genel) Eczacıbaşı Holding A.Ş.'nin Sanipak Paylarının Satışına İlişkin Yurt Dışı Rekabet Kurulu Kararı ECZYT,https://www.kap.org.tr/tr/Bildirim/1610879,tr,2026-05-25T08:14:43+00:00
2026-05-25,ENJSA,KAP,ENERJİSA ENERJİ A.Ş. - Pay Dışında Sermaye Piyasası Aracı İşlemlerine İlişkin Bildirim (Faiz İçeren),Pay Dışında Sermaye Piyasası Aracı İşlemlerine İlişkin Bildirim (Faiz İçeren) TRSENSA52916 ISIN kodlu tahvil ihracı.,https://www.kap.org.tr/tr/Bildirim/1610912,tr,2026-05-25T10:04:02+00:00
2026-05-25,ISMEN,KAP,İŞ YATIRIM MENKUL DEĞERLER A.Ş. - Yatırım Kuruluşu Varant - Sertifika - Senetlerine İlişkin Bildirim,Yatırım Kuruluşu Varant - Sertifika - Senetlerine İlişkin Bildirim İş Yatırım Aracı Kuruluş Varantlarının İtfa Bildirimi,https://www.kap.org.tr/tr/Bildirim/1611116,tr,2026-05-25T18:57:58+00:00
2026-05-25,ISMEN,KAP,İŞ YATIRIM MENKUL DEĞERLER A.Ş. - Yatırım Kuruluşu Varant - Sertifika - Senetlerine İlişkin Bildirim,Yatırım Kuruluşu Varant - Sertifika - Senetlerine İlişkin Bildirim İş Yatırım Sertifika ve Varant Alım Satım İşlemleri,https://www.kap.org.tr/tr/Bildirim/1610917,tr,2026-05-25T10:09:16+00:00
2026-05-25,ISMEN,KAP,İŞ YATIRIM MENKUL DEĞERLER A.Ş. - Piyasa Yapıcılığı Kapsamında Gerçekleştirilen İşlemler Bildirimi,Piyasa Yapıcılığı Kapsamında Gerçekleştirilen İşlemler Bildirimi Borsa Yatırım Fonu Piyasa Yapıcılığı İşlemleri ISGLK,https://www.kap.org.tr/tr/Bildirim/1610916,tr,2026-05-25T10:08:51+00:00
2026-05-25,ISMEN,KAP,İŞ YATIRIM MENKUL DEĞERLER A.Ş. - Yatırım Kuruluşu Varant - Sertifika - Senetlerine İlişkin Bildirim,Yatırım Kuruluşu Varant - Sertifika - Senetlerine İlişkin Bildirim İş Yatırım Aracı Kuruluş Varantlarının İtfa Bildirimi,https://www.kap.org.tr/tr/Bildirim/1610915,tr,2026-05-25T10:08:27+00:00
2026-05-25,SISE,KAP,TÜRKİYE ŞİŞE VE CAM FABRİKALARI A.Ş. - Şirket Genel Bilgi Formu,Şirket Genel Bilgi Formu,https://www.kap.org.tr/tr/Bildirim/1611022,tr,2026-05-25T15:28:17+00:00
2026-05-25,VESTL,KAP,VESTEL ELEKTRONİK SANAYİ VE TİCARET A.Ş. - Pay Dışında Sermaye Piyasası Aracı İşlemlerine İlişkin Bildirim (Faiz İçeren),Pay Dışında Sermaye Piyasası Aracı İşlemlerine İlişkin Bildirim (Faiz İçeren) Nitelikli Yatırımcılara Satılmak Üzere Sabit Kuponlu Finansman Bonosu İhracının Tamamlanması,https://www.kap.org.tr/tr/Bildirim/1610944,tr,2026-05-25T10:54:42+00:00
2026-05-25,VESTL,KAP,VESTEL ELEKTRONİK SANAYİ VE TİCARET A.Ş. - Pay Dışında Sermaye Piyasası Aracı İşlemlerine İlişkin Bildirim (Faiz İçeren),Pay Dışında Sermaye Piyasası Aracı İşlemlerine İlişkin Bildirim (Faiz İçeren) TRFVSTL52622 Kodlu Finansman Bonosunun Kupon ve Anapara Ödemesi Hakkında,https://www.kap.org.tr/tr/Bildirim/1610940,tr,2026-05-25T10:54:25+00:00
2026-05-25,VESTL,KAP,VESTEL ELEKTRONİK SANAYİ VE TİCARET A.Ş. - Pay Dışında Sermaye Piyasası Aracı İşlemlerine İlişkin Bildirim (Faiz İçeren),Pay Dışında Sermaye Piyasası Aracı İşlemlerine İlişkin Bildirim (Faiz İçeren) TRFVSTL52614 Kodlu Finansman Bonosunun Kupon ve Anapara Ödemesi Hakkında,https://www.kap.org.tr/tr/Bildirim/1610939,tr,2026-05-25T10:54:00+00:00
2026-05-25,ZOREN,KAP,ZORLU ENERJİ ELEKTRİK ÜRETİM A.Ş. - Şirket Genel Bilgi Formu,Şirket Genel Bilgi Formu,https://www.kap.org.tr/tr/Bildirim/1611119,tr,2026-05-25T19:47:02+00:00
2026-05-26,AHGAZ,KAP,AHLATCI DOĞAL GAZ DAĞITIM ENERJİ VE YATIRIM A.Ş. - Payların Geri Alınmasına İlişkin Bildirim,Payların Geri Alınmasına İlişkin Bildirim 26.05.2026 Tarihli Pay Geri Alım İşlemleri,https://www.kap.org.tr/tr/Bildirim/1611220,tr,2026-05-26T13:00:34+00:00
2026-05-26,ALBRK,KAP,ALBARAKA TÜRK KATILIM BANKASI A.Ş. - Şirket Genel Bilgi Formu,Şirket Genel Bilgi Formu,https://www.kap.org.tr/tr/Bildirim/1611258,tr,2026-05-26T18:41:09+00:00
2026-05-26,ALCTL,KAP,ALCATEL LUCENT TELETAŞ TELEKOMÜNİKASYON A.Ş. - Kar Payı Dağıtım İşlemlerine İlişkin Bildirim,"Kar Payı Dağıtım İşlemlerine İlişkin Bildirim 2025 Faaliyet Yılı Genel Kurulda Görüşülmek Üzere, Kar Payı Dağıtım İşlemlerine İlişkin Bildirim",https://www.kap.org.tr/tr/Bildirim/1611226,tr,2026-05-26T13:13:51+00:00
2026-05-26,ALCTL,KAP,ALCATEL LUCENT TELETAŞ TELEKOMÜNİKASYON A.Ş. - Genel Kurul İşlemlerine İlişkin Bildirim,Genel Kurul İşlemlerine İlişkin Bildirim 2025 Faaliyet Yılına İlişkin Olağan Genel Kurul Toplantı Gündemi,https://www.kap.org.tr/tr/Bildirim/1611225,tr,2026-05-26T13:13:28+00:00
2026-05-26,BORSK,KAP,BOR ŞEKER A.Ş. - Kar Payı Dağıtım İşlemlerine İlişkin Bildirim,Kar Payı Dağıtım İşlemlerine İlişkin Bildirim Bor Şeker A.Ş. Kar Dağıtım Teklifi,https://www.kap.org.tr/tr/Bildirim/1611257,tr,2026-05-26T17:58:31+00:00
2026-05-26,BORSK,KAP,BOR ŞEKER A.Ş. - Genel Kurul İşlemlerine İlişkin Bildirim,Genel Kurul İşlemlerine İlişkin Bildirim Olağan Genel Kurul Daveti ve Bilgilendirme Dokümanı,https://www.kap.org.tr/tr/Bildirim/1611255,tr,2026-05-26T17:56:48+00:00
2026-05-26,ISMEN,KAP,İŞ YATIRIM MENKUL DEĞERLER A.Ş. - Yatırım Kuruluşu Varant - Sertifika - Senetlerine İlişkin Bildirim,Yatırım Kuruluşu Varant - Sertifika - Senetlerine İlişkin Bildirim İş Yatırım Sertifika ve Varant Alım Satım İşlemleri,https://www.kap.org.tr/tr/Bildirim/1611182,tr,2026-05-26T10:45:23+00:00
2026-05-26,ISMEN,KAP,İŞ YATIRIM MENKUL DEĞERLER A.Ş. - Piyasa Yapıcılığı Kapsamında Gerçekleştirilen İşlemler Bildirimi,Piyasa Yapıcılığı Kapsamında Gerçekleştirilen İşlemler Bildirimi Borsa Yatırım Fonu Piyasa Yapıcılığı İşlemleri ISGLK,https://www.kap.org.tr/tr/Bildirim/1611181,tr,2026-05-26T10:44:59+00:00
2026-05-26,SMART,KAP,SMARTİKS YAZILIM A.Ş. - Özel Durum Açıklaması (Genel),Özel Durum Açıklaması (Genel) Smartiks Yazılım A.Ş.'nin E Kampüs Eğitim Yazılım ve Danışmanlık A.Ş. İle Birleşme İşlemine İlişkin Rekabet Kurulu Başvurusu İzni Hk.,https://www.kap.org.tr/tr/Bildirim/1611243,tr,2026-05-26T14:06:38+00:00
2026-05-26,VAKBN,KAP,TÜRKİYE VAKIFLAR BANKASI T.A.O. - Şirket Genel Bilgi Formu,Şirket Genel Bilgi Formu,https://www.kap.org.tr/tr/Bildirim/1611229,tr,2026-05-26T13:18:23+00:00
2026-05-26,VAKBN,KAP,TÜRKİYE VAKIFLAR BANKASI T.A.O. - Özel Durum Açıklaması (Genel),Özel Durum Açıklaması (Genel) Üst Düzey Yönetici Ataması Hakkında,https://www.kap.org.tr/tr/Bildirim/1611228,tr,2026-05-26T13:15:51+00:00
2026-05-26,VESTL,KAP,VESTEL ELEKTRONİK SANAYİ VE TİCARET A.Ş. - Pay Dışında Sermaye Piyasası Aracı İşlemlerine İlişkin Bildirim (Faiz İçeren),Pay Dışında Sermaye Piyasası Aracı İşlemlerine İlişkin Bildirim (Faiz İçeren) TRSVSTL82614 ISIN Kodlu Tahvilin 3. Kupon Dönemine İlişkin Faiz Ödemesi ve 4. Kupon Dönemine İlişkin Faiz Oranı Hakkında,https://www.kap.org.tr/tr/Bildirim/1611201,tr,2026-05-26T12:07:18+00:00
2026-05-26,YKBNK,KAP,YAPI VE KREDİ BANKASI A.Ş. - Şirket Genel Bilgi Formu,Şirket Genel Bilgi Formu,https://www.kap.org.tr/tr/Bildirim/1611237,tr,2026-05-26T13:37:53+00:00
2026-05-26,YKBNK,KAP,YAPI VE KREDİ BANKASI A.Ş. - Pay Dışında Sermaye Piyasası Aracı İşlemlerine İlişkin Bildirim (Faiz İçeren),Pay Dışında Sermaye Piyasası Aracı İşlemlerine İlişkin Bildirim (Faiz İçeren) Yurtdışında ilave ana sermayeye dahil edilebilir borçlanma aracı ihracının tamamlanması,https://www.kap.org.tr/tr/Bildirim/1611236,tr,2026-05-26T13:37:41+00:00
2026-05-26,YKBNK,KAP,YAPI VE KREDİ BANKASI A.Ş. - Pay Dışında Sermaye Piyasası Aracı İşlemlerine İlişkin Bildirim (Faiz İçeren),Pay Dışında Sermaye Piyasası Aracı İşlemlerine İlişkin Bildirim (Faiz İçeren) Yurtdışında ilave ana sermayeye dahil edilebilir borçlanma aracı ihracının tamamlanması,https://www.kap.org.tr/tr/Bildirim/1611235,tr,2026-05-26T13:37:28+00:00
2026-05-26,ZOREN,KAP,ZORLU ENERJİ ELEKTRİK ÜRETİM A.Ş. - Özel Durum Açıklaması (Genel),Özel Durum Açıklaması (Genel) Pay Satışına İlişkin Tahsilatın Tamamlanması Hk.,https://www.kap.org.tr/tr/Bildirim/1611259,tr,2026-05-26T18:43:50+00:00
2026-05-27,AKSA,KAP,AKSA AKRİLİK KİMYA SANAYİİ A.Ş. - Kurumsal Yönetim İlkelerine Uyum Derecelendirmesi,Kurumsal Yönetim İlkelerine Uyum Derecelendirmesi Kurumsal Yönetim İlkelerine Uyum Derecelendirme Sözleşmesi'nin Yenilenmesi,https://www.kap.org.tr/tr/Bildirim/1611267,tr,2026-05-27T21:48:04+00:00
2026-05-27,ARCLK,KAP,ARÇELİK A.Ş. - Pay Dışında Sermaye Piyasası Aracı İşlemlerine İlişkin Bildirim (Faiz İçeren),Pay Dışında Sermaye Piyasası Aracı İşlemlerine İlişkin Bildirim (Faiz İçeren) XS2346972263 ISIN kodlu Yeşil Tahvilin Kupon Ödemesi ve İtfası,https://www.kap.org.tr/tr/Bildirim/1611264,tr,2026-05-27T12:32:33+00:00
2026-05-27,BEYAZ,KAP,BEYAZ FİLO OTO KİRALAMA A.Ş. - Finansal Duran Varlık Edinimi,Finansal Duran Varlık Edinimi Letonya Cumhuriyeti'nde Yeni Şirket Kuruluşu,https://www.kap.org.tr/tr/Bildirim/1611266,tr,2026-05-27T17:54:29+00:00
2026-05-27,MRGYO,KAP,MARTI GAYRİMENKUL YATIRIM ORTAKLIĞI A.Ş. - Özel Durum Açıklaması (Genel),Özel Durum Açıklaması (Genel) Hasılat Paylaşımı Sözleşmesi İmzalanması Hakkında,https://www.kap.org.tr/tr/Bildirim/1611265,tr,2026-05-27T13:11:18+00:00
2026-05-29,KCHOL,KAP,KOÇ HOLDİNG A.Ş. - Kredi Derecelendirmesi,Kredi Derecelendirmesi Kredi Derecelendirmesi,https://www.kap.org.tr/tr/Bildirim/1611273,tr,2026-05-29T13:18:13+00:00
2026-06-01,AEFES,KAP,ANADOLU EFES BİRACILIK VE MALT SANAYİİ A.Ş. - Şirket Genel Bilgi Formu,Şirket Genel Bilgi Formu,https://www.kap.org.tr/tr/Bildirim/1611685,tr,2026-06-01T19:13:11+00:00
2026-06-01,AHGAZ,KAP,AHLATCI DOĞAL GAZ DAĞITIM ENERJİ VE YATIRIM A.Ş. - Payların Geri Alınmasına İlişkin Bildirim,Payların Geri Alınmasına İlişkin Bildirim 01.06.2026 Tarihli Pay Geri Alım İşlemleri,https://www.kap.org.tr/tr/Bildirim/1611665,tr,2026-06-01T18:30:16+00:00
2026-06-01,AKBNK,KAP,AKBANK T.A.Ş. - Pay Dışında Sermaye Piyasası Aracı İşlemlerine İlişkin Bildirim (Faiz İçeren),Pay Dışında Sermaye Piyasası Aracı İşlemlerine İlişkin Bildirim (Faiz İçeren) Yurtdışı Piyasalara Tahvil İhracı,https://www.kap.org.tr/tr/Bildirim/1611586,tr,2026-06-01T17:41:42+00:00
2026-06-01,AKBNK,KAP,AKBANK T.A.Ş. - Pay Dışında Sermaye Piyasası Aracı İşlemlerine İlişkin Bildirim (Faiz İçeren),Pay Dışında Sermaye Piyasası Aracı İşlemlerine İlişkin Bildirim (Faiz İçeren) Yurtdışı Piyasalara Tahvil İhracı,https://www.kap.org.tr/tr/Bildirim/1611585,tr,2026-06-01T17:41:26+00:00
2026-06-01,AKBNK,KAP,AKBANK T.A.Ş. - Özel Durum Açıklaması (Genel),Özel Durum Açıklaması (Genel) Yurtdışı Piyasalara Sermaye Benzeri (Basel III uyumlu) Tahvil İhracı,https://www.kap.org.tr/tr/Bildirim/1611351,tr,2026-06-01T11:02:35+00:00
2026-06-01,AKFGY,KAP,AKFEN GAYRİMENKUL YATIRIM ORTAKLIĞI A.Ş. - İlişkili Taraf İşlemleri,İlişkili Taraf İşlemleri Yaygın ve Süreklilik Arz Eden İşlemler Raporu Hk.,https://www.kap.org.tr/tr/Bildirim/1611641,tr,2026-06-01T18:20:52+00:00
2026-06-01,AKFGY,KAP,AKFEN GAYRİMENKUL YATIRIM ORTAKLIĞI A.Ş. - Esas Sözleşme,Esas Sözleşme Esas Sözleşme,https://www.kap.org.tr/tr/Bildirim/1611465,tr,2026-06-01T16:20:54+00:00
2026-06-01,AKFGY,KAP,AKFEN GAYRİMENKUL YATIRIM ORTAKLIĞI A.Ş. - Şirket Genel Bilgi Formu,Şirket Genel Bilgi Formu,https://www.kap.org.tr/tr/Bildirim/1611463,tr,2026-06-01T16:19:25+00:00
2026-06-01,AKFGY,KAP,AKFEN GAYRİMENKUL YATIRIM ORTAKLIĞI A.Ş. - Yönetim Kurulu Komiteleri,Yönetim Kurulu Komiteleri Yönetim Kurulu Komitelerinin Üyelerinin Belirlenmesi hk,https://www.kap.org.tr/tr/Bildirim/1611462,tr,2026-06-01T16:18:21+00:00
2026-06-01,AKFGY,KAP,AKFEN GAYRİMENKUL YATIRIM ORTAKLIĞI A.Ş. - Genel Kurul İşlemlerine İlişkin Bildirim,Genel Kurul İşlemlerine İlişkin Bildirim 2025 Yılı Olağan Genel Kurul Toplantısı Tescil İşlemi,https://www.kap.org.tr/tr/Bildirim/1611460,tr,2026-06-01T16:17:50+00:00
2026-06-01,AKFGY,KAP,AKFEN GAYRİMENKUL YATIRIM ORTAKLIĞI A.Ş. - Bağımsız Denetim Kuruluşunun Belirlenmesi,Bağımsız Denetim Kuruluşunun Belirlenmesi Bağımsız denetim kuruluşu seçiminin tescili ve TTSG'de ilanı,https://www.kap.org.tr/tr/Bildirim/1611457,tr,2026-06-01T16:16:06+00:00
2026-06-01,AKSEN,KAP,AKSA ENERJİ ÜRETİM A.Ş. - Özel Durum Açıklaması (Genel),Özel Durum Açıklaması (Genel) Kazakistan Kombine Isı ve Enerji Santrali?ne ilişkin Bakanlık Kabulü Hakkında,https://www.kap.org.tr/tr/Bildirim/1611385,tr,2026-06-01T12:10:57+00:00
2026-06-01,ASELS,KAP,ASELSAN ELEKTRONİK SANAYİ VE TİCARET A.Ş. - Yeni İş İlişkisi,Yeni İş İlişkisi Sözleşme İmzalanması,https://www.kap.org.tr/tr/Bildirim/1611291,tr,2026-06-01T09:17:57+00:00
2026-06-01,CIMSA,KAP,ÇİMSA ÇİMENTO SANAYİ VE TİCARET A.Ş. - Şirket Genel Bilgi Formu,Şirket Genel Bilgi Formu,https://www.kap.org.tr/tr/Bildirim/1611693,tr,2026-06-01T19:36:07+00:00
2026-06-01,CIMSA,KAP,ÇİMSA ÇİMENTO SANAYİ VE TİCARET A.Ş. - Özel Durum Açıklaması (Genel),Özel Durum Açıklaması (Genel) Yatırımcı İlişkileri Bölümü Yöneticisi Ataması hk.,https://www.kap.org.tr/tr/Bildirim/1611692,tr,2026-06-01T19:35:51+00:00
2026-06-01,CIMSA,KAP,ÇİMSA ÇİMENTO SANAYİ VE TİCARET A.Ş. - Özel Durum Açıklaması (Genel),Özel Durum Açıklaması (Genel) Genel Müdür Ataması hk.,https://www.kap.org.tr/tr/Bildirim/1611691,tr,2026-06-01T19:35:33+00:00
2026-06-01,ISMEN,KAP,İŞ YATIRIM MENKUL DEĞERLER A.Ş. - Pay Dışında Sermaye Piyasası Aracı İşlemlerine İlişkin Bildirim (Faiz İçeren),Pay Dışında Sermaye Piyasası Aracı İşlemlerine İlişkin Bildirim (Faiz İçeren) 01.06.2026 Vadeli Borçlanma Aracının İtfası,https://www.kap.org.tr/tr/Bildirim/1611619,tr,2026-06-01T18:06:56+00:00
2026-06-01,ISMEN,KAP,İŞ YATIRIM MENKUL DEĞERLER A.Ş. - Pay Dışında Sermaye Piyasası Aracı İşlemlerine İlişkin Bildirim (Faiz İçeren),Pay Dışında Sermaye Piyasası Aracı İşlemlerine İlişkin Bildirim (Faiz İçeren) 01.06.2026 Vadeli Borçlanma Aracının İtfası,https://www.kap.org.tr/tr/Bildirim/1611607,tr,2026-06-01T17:58:35+00:00
2026-06-01,ISMEN,KAP,İŞ YATIRIM MENKUL DEĞERLER A.Ş. - Yatırım Kuruluşu Varant - Sertifika - Senetlerine İlişkin Bildirim,Yatırım Kuruluşu Varant - Sertifika - Senetlerine İlişkin Bildirim İş Yatırım Sertifika ve Varant Alım Satım İşlemleri,https://www.kap.org.tr/tr/Bildirim/1611605,tr,2026-06-01T17:57:49+00:00
2026-06-01,ISMEN,KAP,İŞ YATIRIM MENKUL DEĞERLER A.Ş. - Piyasa Yapıcılığı Kapsamında Gerçekleştirilen İşlemler Bildirimi,Piyasa Yapıcılığı Kapsamında Gerçekleştirilen İşlemler Bildirimi Borsa Yatırım Fonu Piyasa Yapıcılığı İşlemleri ISGLK,https://www.kap.org.tr/tr/Bildirim/1611546,tr,2026-06-01T17:25:11+00:00
2026-06-01,ISMEN,KAP,İŞ YATIRIM MENKUL DEĞERLER A.Ş. - Yatırım Kuruluşu Varant - Sertifika - Senetlerine İlişkin Bildirim,Yatırım Kuruluşu Varant - Sertifika - Senetlerine İlişkin Bildirim İş Yatırım Aracı Kuruluş Varantlarının İtfa Bildirimi,https://www.kap.org.tr/tr/Bildirim/1611355,tr,2026-06-01T11:08:28+00:00
2026-06-01,PGSUS,KAP,PEGASUS HAVA TAŞIMACILIĞI A.Ş. - Kurumsal Yönetim İlkelerine Uyum Derecelendirmesi,Kurumsal Yönetim İlkelerine Uyum Derecelendirmesi Kurumsal Yönetim Derecelendirme Sözleşmesinin Yenilenmesi - Düzeltme,https://www.kap.org.tr/tr/Bildirim/1611571,tr,2026-06-01T17:38:22+00:00
2026-06-01,PGSUS,KAP,PEGASUS HAVA TAŞIMACILIĞI A.Ş. - Kurumsal Yönetim İlkelerine Uyum Derecelendirmesi,Kurumsal Yönetim İlkelerine Uyum Derecelendirmesi Kurumsal Yönetim Derecelendirme Sözleşmesinin Yenilenmesi,https://www.kap.org.tr/tr/Bildirim/1611375,tr,2026-06-01T11:54:10+00:00
2026-06-01,SAHOL,KAP,HACI ÖMER SABANCI HOLDİNG A.Ş. - Şirket Genel Bilgi Formu,Şirket Genel Bilgi Formu,https://www.kap.org.tr/tr/Bildirim/1611287,tr,2026-06-01T09:06:27+00:00
2026-06-01,SAHOL,KAP,HACI ÖMER SABANCI HOLDİNG A.Ş. - Özel Durum Açıklaması (Genel),Özel Durum Açıklaması (Genel) Lucky 7 ve Pepper Güneş Enerjisi Projelerine İlişkin Proje Finansmanı ve Vergi Avantajlı Özsermaye Yatırımı Sözleşmelerinin İmzalanması,https://www.kap.org.tr/tr/Bildirim/1611286,tr,2026-06-01T09:06:16+00:00
2026-06-01,TCELL,KAP,TURKCELL İLETİŞİM HİZMETLERİ A.Ş. - Şirket Genel Bilgi Formu,Şirket Genel Bilgi Formu,https://www.kap.org.tr/tr/Bildirim/1611690,tr,2026-06-01T19:33:20+00:00
2026-06-01,TCELL,KAP,TURKCELL İLETİŞİM HİZMETLERİ A.Ş. - Özel Durum Açıklaması (Genel),Özel Durum Açıklaması (Genel) ABD Sermaye Piyasası Mevzuatı Uyarınca SEC'ye Yapılan Açıklama,https://www.kap.org.tr/tr/Bildirim/1611689,tr,2026-06-01T19:32:59+00:00
2026-06-01,VAKBN,KAP,TÜRKİYE VAKIFLAR BANKASI T.A.O. - Pay Dışında Sermaye Piyasası Aracı İşlemlerine İlişkin Bildirim (Faiz İçeren),Pay Dışında Sermaye Piyasası Aracı İşlemlerine İlişkin Bildirim (Faiz İçeren) GMTN Programı Çerçevesinde Türkiye Dışında Sürdürülebilir Borçlanma Aracı İhracı SPK Onayı,https://www.kap.org.tr/tr/Bildirim/1611554,tr,2026-06-01T17:34:43+00:00
2026-06-01,YKBNK,KAP,YAPI VE KREDİ BANKASI A.Ş. - Pay Dışında Sermaye Piyasası Aracı İşlemlerine İlişkin Bildirim (Faiz İçeren),Pay Dışında Sermaye Piyasası Aracı İşlemlerine İlişkin Bildirim (Faiz İçeren) Yurtdışında ihraç edilen borçlanma aracının itfası,https://www.kap.org.tr/tr/Bildirim/1611505,tr,2026-06-01T17:05:44+00:00
2026-06-01,YKBNK,KAP,YAPI VE KREDİ BANKASI A.Ş. - Pay Dışında Sermaye Piyasası Aracı İşlemlerine İlişkin Bildirim (Faiz İçeren),Pay Dışında Sermaye Piyasası Aracı İşlemlerine İlişkin Bildirim (Faiz İçeren) Yurtdışında ihraç edilen borçlanma aracının itfası,https://www.kap.org.tr/tr/Bildirim/1611371,tr,2026-06-01T11:44:03+00:00
