date,ticker,open,high,low,close,volume
2026-05-04,AHGAZ,27.479999542236328,27.479999542236328,26.8799991607666,27.0,4398852
2026-05-05,AHGAZ,27.0,28.040000915527344,27.0,27.860000610351562,7271699
2026-05-06,AHGAZ,27.84000015258789,28.579999923706055,27.81999969482422,27.940000534057617,9833490
2026-05-07,AHGAZ,28.0,28.139999389648438,27.31999969482422,27.979999542236328,5189248
2026-05-08,AHGAZ,27.959999084472656,28.239999771118164,27.65999984741211,28.040000915527344,4958900
2026-05-11,AHGAZ,28.040000915527344,28.959999084472656,27.979999542236328,28.860000610351562,6478032
2026-05-12,AHGAZ,29.600000381469727,31.739999771118164,29.059999465942383,31.459999084472656,20216252
2026-05-13,AHGAZ,31.600000381469727,32.040000915527344,30.920000076293945,31.15999984741211,9223651
2026-05-14,AHGAZ,31.15999984741211,32.08000183105469,30.559999465942383,31.100000381469727,8665686
2026-05-15,AHGAZ,31.139999389648438,31.360000610351562,30.799999237060547,31.219999313354492,4375406
2026-05-18,AHGAZ,31.239999771118164,31.34000015258789,29.8799991607666,30.219999313354492,6317319
2026-05-20,AHGAZ,30.399999618530273,31.719999313354492,30.100000381469727,31.5,10257082
2026-05-21,AHGAZ,31.579999923706055,31.760000228881836,30.100000381469727,30.100000381469727,5273928
2026-05-22,AHGAZ,29.5,31.739999771118164,29.200000762939453,31.459999084472656,10148290
2026-05-25,AHGAZ,31.459999084472656,32.880001068115234,31.459999084472656,32.86000061035156,4888424
2026-05-26,AHGAZ,32.86000061035156,33.5,31.899999618530273,32.91999816894531,3470730
2026-05-27,AHGAZ,32.91999816894531,32.91999816894531,32.91999816894531,32.91999816894531,0
2026-05-28,AHGAZ,32.91999816894531,32.91999816894531,32.91999816894531,32.91999816894531,0
2026-05-29,AHGAZ,32.91999816894531,32.91999816894531,32.91999816894531,32.91999816894531,0
2026-05-04,ALCTL,133.0,135.3000030517578,123.5999984741211,125.0999984741211,1599250
2026-05-05,ALCTL,125.80000305175781,128.89999389648438,124.0999984741211,127.0999984741211,487985
2026-05-06,ALCTL,128.6999969482422,133.39999389648438,127.80000305175781,131.5,394386
2026-05-07,ALCTL,131.6999969482422,135.3000030517578,131.6999969482422,135.3000030517578,467626
2026-05-08,ALCTL,135.89999389648438,135.89999389648438,129.6999969482422,130.0,432134
2026-05-11,ALCTL,129.0,137.8000030517578,128.89999389648438,136.39999389648438,540940
2026-05-12,ALCTL,136.39999389648438,139.60000610351562,130.0,137.5,410848
2026-05-13,ALCTL,138.0,138.8000030517578,131.5,135.0,388949
2026-05-14,ALCTL,136.0,138.10000610351562,134.1999969482422,134.1999969482422,283853
2026-05-15,ALCTL,134.6999969482422,134.6999969482422,130.0,131.0,251677
2026-05-18,ALCTL,131.3000030517578,131.89999389648438,127.4000015258789,128.0,225170
2026-05-20,ALCTL,126.19999694824219,129.39999389648438,126.0,128.3000030517578,280778
2026-05-21,ALCTL,128.89999389648438,129.3000030517578,122.0,122.0,243236
2026-05-22,ALCTL,118.0,127.5,118.0,125.4000015258789,386070
2026-05-25,ALCTL,125.69999694824219,131.89999389648438,125.69999694824219,131.1999969482422,161526
2026-05-26,ALCTL,131.0,136.3000030517578,129.5,132.0,182367
2026-05-27,ALCTL,132.0,132.0,132.0,132.0,0
2026-05-28,ALCTL,132.0,132.0,132.0,132.0,0
2026-05-29,ALCTL,132.0,132.0,132.0,132.0,0
2026-05-04,BEYAZ,33.166177287072955,33.364185070989365,30.889097213745117,30.889097213745117,6256489
2026-05-05,BEYAZ,29.89906143067071,30.651486461421477,29.107032200305593,29.66145133972168,3305973
2026-05-06,BEYAZ,29.720853996201363,30.13666881151052,29.364440757838636,29.522846221923828,1723856
2026-05-07,BEYAZ,29.70105329429056,30.314875893243094,29.602049405641168,30.017864227294922,1127621
2026-05-08,BEYAZ,29.978264657731106,30.51288265030048,29.562449824247295,30.11686897277832,1243796
2026-05-11,BEYAZ,31.087102206991013,31.087102206991013,29.46344522403624,29.89906120300293,1196588
2026-05-12,BEYAZ,29.839657736546936,30.19607098191442,29.641651846719984,29.89906120300293,911416
2026-05-13,BEYAZ,30.280000686645508,30.280000686645508,28.780000686645508,29.1200008392334,922632
2026-05-14,BEYAZ,29.020000457763672,29.920000076293945,28.979999542236328,29.31999969482422,1097522
2026-05-15,BEYAZ,29.100000381469727,29.459999084472656,28.84000015258789,29.139999389648438,520462
2026-05-18,BEYAZ,29.139999389648438,29.219999313354492,28.1200008392334,28.1200008392334,998617
2026-05-20,BEYAZ,28.1200008392334,30.899999618530273,27.799999237060547,28.200000762939453,741326
2026-05-21,BEYAZ,28.0,28.459999084472656,26.200000762939453,26.200000762939453,741241
2026-05-22,BEYAZ,26.200000762939453,28.200000762939453,25.239999771118164,27.239999771118164,1132983
2026-05-25,BEYAZ,27.68000030517578,28.440000534057617,27.34000015258789,28.440000534057617,584253
2026-05-26,BEYAZ,28.440000534057617,28.81999969482422,27.920000076293945,28.760000228881836,472241
2026-05-27,BEYAZ,28.760000228881836,28.760000228881836,28.760000228881836,28.760000228881836,0
2026-05-28,BEYAZ,28.760000228881836,28.760000228881836,28.760000228881836,28.760000228881836,0
2026-05-29,BEYAZ,28.760000228881836,28.760000228881836,28.760000228881836,28.760000228881836,0
2026-05-04,BORSK,7.349999904632568,7.519999980926514,7.239999771118164,7.329999923706055,14970274
2026-05-05,BORSK,7.360000133514404,8.0600004196167,7.329999923706055,7.949999809265137,30597267
2026-05-06,BORSK,7.960000038146973,8.029999732971191,7.380000114440918,7.380000114440918,43617691
2026-05-07,BORSK,7.389999866485596,7.46999979019165,7.28000020980835,7.28000020980835,19230792
2026-05-08,BORSK,7.28000020980835,7.389999866485596,7.090000152587891,7.309999942779541,19151088
2026-05-11,BORSK,7.289999961853027,7.420000076293945,7.150000095367432,7.230000019073486,15926926
2026-05-12,BORSK,7.21999979019165,7.519999980926514,7.179999828338623,7.349999904632568,21100447
2026-05-13,BORSK,7.340000152587891,7.429999828338623,7.119999885559082,7.179999828338623,13569698
2026-05-14,BORSK,7.269999980926514,7.889999866485596,7.269999980926514,7.889999866485596,41729828
2026-05-15,BORSK,7.960000038146973,7.96999979019165,7.260000228881836,7.300000190734863,33524464
2026-05-18,BORSK,7.380000114440918,7.800000190734863,7.25,7.380000114440918,33386619
2026-05-20,BORSK,7.309999942779541,7.400000095367432,7.139999866485596,7.260000228881836,15405300
2026-05-21,BORSK,7.260000228881836,7.420000076293945,6.800000190734863,6.800000190734863,11621671
2026-05-22,BORSK,6.510000228881836,7.300000190734863,6.510000228881836,7.300000190734863,18470878
2026-05-25,BORSK,6.920000076293945,7.079999923706055,6.599999904632568,6.730000019073486,80230924
2026-05-26,BORSK,6.78000020980835,6.78000020980835,6.599999904632568,6.639999866485596,11294209
2026-05-27,BORSK,6.639999866485596,6.639999866485596,6.639999866485596,6.639999866485596,0
2026-05-28,BORSK,6.639999866485596,6.639999866485596,6.639999866485596,6.639999866485596,0
2026-05-29,BORSK,6.639999866485596,6.639999866485596,6.639999866485596,6.639999866485596,0
2026-05-04,KCHOL,203.0,203.89999389648438,196.8000030517578,197.39999389648438,17627449
2026-05-05,KCHOL,198.10000610351562,204.10000610351562,196.6999969482422,201.89999389648438,20548740
2026-05-06,KCHOL,205.1999969482422,213.89999389648438,203.6999969482422,210.5,33421876
2026-05-07,KCHOL,210.3000030517578,212.39999389648438,208.89999389648438,211.5,17128062
2026-05-08,KCHOL,210.5,215.10000610351562,208.5,213.0,19667179
2026-05-11,KCHOL,208.1999969482422,213.6999969482422,208.1999969482422,212.3000030517578,19232218
2026-05-12,KCHOL,211.39999389648438,211.5,203.1999969482422,203.60000610351562,14970138
2026-05-13,KCHOL,205.3000030517578,205.6999969482422,201.39999389648438,204.39999389648438,15473875
2026-05-14,KCHOL,205.0,207.6999969482422,203.6999969482422,204.5,12668108
2026-05-15,KCHOL,202.5,202.89999389648438,197.39999389648438,199.0,21455287
2026-05-18,KCHOL,198.1999969482422,198.39999389648438,194.5,195.0,14300999
2026-05-20,KCHOL,194.5,197.8000030517578,193.60000610351562,196.0,16259860
2026-05-21,KCHOL,195.39999389648438,196.1999969482422,178.0,183.3000030517578,26343994
2026-05-22,KCHOL,182.5,192.10000610351562,179.0,190.1999969482422,32473300
2026-05-25,KCHOL,190.8000030517578,192.1999969482422,189.39999389648438,190.89999389648438,15395812
2026-05-26,KCHOL,191.0,191.5,189.10000610351562,189.10000610351562,6708013
2026-05-27,KCHOL,189.10000610351562,189.10000610351562,189.10000610351562,189.10000610351562,0
2026-05-28,KCHOL,189.10000610351562,189.10000610351562,189.10000610351562,189.10000610351562,0
2026-05-29,KCHOL,189.10000610351562,189.10000610351562,189.10000610351562,189.10000610351562,0
2026-05-04,MRGYO,1.8600000143051147,1.9199999570846558,1.8200000524520874,1.8300000429153442,136574022
2026-05-05,MRGYO,1.840000033378601,1.850000023841858,1.809999942779541,1.8300000429153442,89150870
2026-05-06,MRGYO,1.8200000524520874,1.8799999952316284,1.8200000524520874,1.8600000143051147,149769123
2026-05-07,MRGYO,1.8700000047683716,1.940000057220459,1.8300000429153442,1.940000057220459,176774488
2026-05-08,MRGYO,1.9500000476837158,2.069999933242798,1.9199999570846558,2.0199999809265137,309910008
2026-05-11,MRGYO,2.0399999618530273,2.0999999046325684,2.009999990463257,2.0299999713897705,123603288
2026-05-12,MRGYO,2.0399999618530273,2.0399999618530273,1.9500000476837158,1.9600000381469727,125274186
2026-05-13,MRGYO,1.9600000381469727,1.9800000190734863,1.8300000429153442,1.840000033378601,129348600
2026-05-14,MRGYO,1.850000023841858,1.8799999952316284,1.7300000190734863,1.75,202105833
2026-05-15,MRGYO,1.7300000190734863,1.7400000095367432,1.659999966621399,1.659999966621399,118822329
2026-05-18,MRGYO,1.649999976158142,1.6799999475479126,1.600000023841858,1.600000023841858,72442669
2026-05-20,MRGYO,1.600000023841858,1.6100000143051147,1.5399999618530273,1.559999942779541,101055540
2026-05-21,MRGYO,1.559999942779541,1.5700000524520874,1.409999966621399,1.409999966621399,98418942
2026-05-22,MRGYO,1.3600000143051147,1.5299999713897705,1.3600000143051147,1.5099999904632568,123492550
2026-05-25,MRGYO,1.5199999809265137,1.559999942779541,1.5,1.5399999618530273,97944998
2026-05-26,MRGYO,1.5499999523162842,1.5499999523162842,1.5199999809265137,1.5299999713897705,29953751
2026-05-27,MRGYO,1.5299999713897705,1.5299999713897705,1.5299999713897705,1.5299999713897705,0
2026-05-28,MRGYO,1.5299999713897705,1.5299999713897705,1.5299999713897705,1.5299999713897705,0
2026-05-29,MRGYO,1.5299999713897705,1.5299999713897705,1.5299999713897705,1.5299999713897705,0
2026-05-04,SMART,36.099998474121094,38.70000076293945,35.47999954223633,36.65999984741211,7972586
2026-05-05,SMART,36.7400016784668,37.7599983215332,36.459999084472656,36.86000061035156,3456465
2026-05-06,SMART,36.97999954223633,37.7400016784668,35.599998474121094,36.560001373291016,3687258
2026-05-07,SMART,36.619998931884766,37.79999923706055,36.560001373291016,37.439998626708984,4390343
2026-05-08,SMART,37.0,37.380001068115234,36.20000076293945,36.2400016784668,2834221
2026-05-11,SMART,36.540000915527344,36.880001068115234,35.7400016784668,36.29999923706055,2355525
2026-05-12,SMART,36.0,36.18000030517578,34.86000061035156,35.279998779296875,2148578
2026-05-13,SMART,35.279998779296875,36.15999984741211,33.400001525878906,33.599998474121094,3287037
2026-05-14,SMART,33.70000076293945,34.540000915527344,33.5,33.65999984741211,2927317
2026-05-15,SMART,33.68000030517578,33.900001525878906,32.68000030517578,33.15999984741211,1505775
2026-05-18,SMART,33.5,36.459999084472656,32.459999084472656,36.459999084472656,7409744
2026-05-20,SMART,36.7599983215332,40.099998474121094,35.52000045776367,36.0,15017792
2026-05-21,SMART,36.0,37.040000915527344,32.5,32.5,6759587
2026-05-22,SMART,32.47999954223633,35.439998626708984,32.47999954223633,35.099998474121094,3897243
2026-05-25,SMART,35.099998474121094,36.86000061035156,35.0,35.880001068115234,3362824
2026-05-26,SMART,35.880001068115234,36.70000076293945,34.70000076293945,34.880001068115234,2695994
2026-05-27,SMART,34.880001068115234,34.880001068115234,34.880001068115234,34.880001068115234,0
2026-05-28,SMART,34.880001068115234,34.880001068115234,34.880001068115234,34.880001068115234,0
2026-05-29,SMART,34.880001068115234,34.880001068115234,34.880001068115234,34.880001068115234,0
2026-05-04,VAKBN,31.760000228881836,31.84000015258789,30.420000076293945,30.540000915527344,33477977
2026-05-05,VAKBN,30.559999465942383,31.100000381469727,30.3799991607666,30.860000610351562,27033442
2026-05-06,VAKBN,31.399999618530273,32.02000045776367,31.18000030517578,31.459999084472656,106026967
2026-05-07,VAKBN,31.68000030517578,32.52000045776367,31.219999313354492,32.060001373291016,116716231
2026-05-08,VAKBN,31.739999771118164,32.18000030517578,31.440000534057617,32.0,45634707
2026-05-11,VAKBN,31.979999542236328,32.47999954223633,31.540000915527344,32.41999816894531,60613342
2026-05-12,VAKBN,32.2400016784668,32.459999084472656,31.700000762939453,32.0,54392485
2026-05-13,VAKBN,32.63999938964844,32.79999923706055,32.08000183105469,32.41999816894531,57657006
2026-05-14,VAKBN,32.5,32.63999938964844,31.860000610351562,32.060001373291016,67356496
2026-05-15,VAKBN,31.760000228881836,31.860000610351562,30.5,30.799999237060547,48947605
2026-05-18,VAKBN,30.600000381469727,31.520000457763672,29.920000076293945,30.940000534057617,57957720
2026-05-20,VAKBN,31.0,31.100000381469727,30.399999618530273,30.420000076293945,42593248
2026-05-21,VAKBN,30.3799991607666,30.719999313354492,28.8799991607666,29.739999771118164,34994144
2026-05-22,VAKBN,29.299999237060547,30.440000534057617,28.68000030517578,30.0,122673143
2026-05-25,VAKBN,30.18000030517578,31.600000381469727,29.8799991607666,31.479999542236328,66878963
2026-05-26,VAKBN,31.440000534057617,31.780000686645508,30.81999969482422,30.84000015258789,21002563
2026-05-27,VAKBN,30.84000015258789,30.84000015258789,30.84000015258789,30.84000015258789,0
2026-05-28,VAKBN,30.84000015258789,30.84000015258789,30.84000015258789,30.84000015258789,0
2026-05-29,VAKBN,30.84000015258789,30.84000015258789,30.84000015258789,30.84000015258789,0
2026-05-04,ZOREN,3.0999999046325684,3.1500000953674316,3.069999933242798,3.119999885559082,65072092
2026-05-05,ZOREN,3.119999885559082,3.130000114440918,3.049999952316284,3.0799999237060547,49907046
2026-05-06,ZOREN,3.130000114440918,3.1700000762939453,3.109999895095825,3.1700000762939453,112551610
2026-05-07,ZOREN,3.180000066757202,3.2300000190734863,3.1700000762939453,3.190000057220459,83231023
2026-05-08,ZOREN,3.180000066757202,3.259999990463257,3.1600000858306885,3.190000057220459,89649445
2026-05-11,ZOREN,3.200000047683716,3.4600000381469727,3.200000047683716,3.4200000762939453,171565173
2026-05-12,ZOREN,3.4200000762939453,3.4800000190734863,3.3299999237060547,3.380000114440918,144216879
2026-05-13,ZOREN,3.380000114440918,3.4100000858306885,3.240000009536743,3.2699999809265137,78794636
2026-05-14,ZOREN,3.2799999713897705,3.3299999237060547,3.2300000190734863,3.2899999618530273,71026871
2026-05-15,ZOREN,3.25,3.2699999809265137,3.190000057220459,3.2200000286102295,36204103
2026-05-18,ZOREN,3.2200000286102295,3.2200000286102295,3.0799999237060547,3.0899999141693115,44224402
2026-05-20,ZOREN,3.069999933242798,3.1600000858306885,3.049999952316284,3.109999895095825,48419579
2026-05-21,ZOREN,3.119999885559082,3.119999885559082,2.9000000953674316,2.9000000953674316,29151386
2026-05-22,ZOREN,2.890000104904175,3.0399999618530273,2.880000114440918,3.0299999713897705,58894895
2026-05-25,ZOREN,3.0399999618530273,3.0999999046325684,3.0399999618530273,3.0899999141693115,36753175
2026-05-26,ZOREN,3.0899999141693115,3.130000114440918,3.0899999141693115,3.0899999141693115,11652425
2026-05-27,ZOREN,3.0899999141693115,3.0899999141693115,3.0899999141693115,3.0899999141693115,0
2026-05-28,ZOREN,3.0899999141693115,3.0899999141693115,3.0899999141693115,3.0899999141693115,0
2026-05-29,ZOREN,3.0899999141693115,3.0899999141693115,3.0899999141693115,3.0899999141693115,0
